Name,TID,TID_Description,TID_INFO_SCREEN,TID_UPGRADE,ConceptImage,Model,ModelScale,SortLayer,PivotYOffset,IsCombatShip,IsDrone,CanBeBuilt,NewModuleSlots,BuildCost,DesignUpgradeCost,BLSDailyCRReward,DesignUpgradeTime,RequiredPlanetLevel,HP,HealRate,NumSectorsToMine,FlagshipModules,FlagshipModuleLevels,InitialModule,InitialModuleLevels,CanBuildBuildingLevel,JobCapacity,HydrogenCapacity,HydrogenCapacityWS,MiningPeriod,MiningPeriod_WS,MiningPeriod_RS,Speed_YS,Speed_RS,Speed_BLS,Speed_WS,SpeedIncrPerTick,FuelUsePer5000Distance,ShipAIHandler,PlanetDamagePerSecFP,ApplyModuleOnDockedObjectDestroy,AIUpdateIntervalSeconds,AggressiveAI,InfluencePoints,BSPenaltyPerSec,BSPenaltyPerSecOnSector,PeriodSpawnTicks,PeriodSpawnType,PeriodSpawnCount,OnDestroySpawn,OnDestroySpawnCount,OnDestroySpawnMinRadius,OnDestroySpawnMaxRadius,SpawnFx,HideModulesOnHUD,MaxPerStarSystem,MaxPerRS,EMPResist,RadialMoveRadius,IsTurret,TurretSetupTime,TurretSetupTime_WS,RelicLoadTicks,AITeleportDelay,ExclusiveTutorialTarget,BaseCerbShipDataIdx,HasTaunt,OnDeathHealMaxShips,OnDeathHealAmount_PvE,OnDeathHealAmount_Combat_PvE,OnDeathHealAmount_PvP,OnDeathHealAmount_Combat_PvP,OnDeathHealRange,BlastDroneDamageRange,BlastDroneDamageAmount,AttackPhaseMaxSpeed,BlastDroneTriggerDist
Transport,TID_SHIP_TRANSPORT,TID_SHIP_TRANSPORT_DESCR,TID_SHIP_TRANSPORT_INFO,TID_UPGRADE_TRANSPORT_DESIGN,portrait_Transport,Transport_DrkNeb_lv1,100,3,48,0,,1,Trade,250,0,,0,1,1,,,,,,,,1,,,,,,600,240,192,124,6,10,,,,,,,,,,,,,,,,,,,,,,,,,,,,,,,,,,,,,,,
,,,,,,Transport_DrkNeb_lv2,,,52,,,,Trade,1000,2000,,120,,1,,,,,,,,2,,,,,,,,,,,18,,,,,,,,,,,,,,,,,,,,,,,,,,,,,,,,,,,,,,,
,,,,,,Transport_DrkNeb_lv3,,,60,,,,Trade,5000,60000,,86400,,1,,,,,,,,3,,,,,,,,,,,26,,,,,,,,,,,,,,,,,,,,,,,,,,,,,,,,,,,,,,,
,,,,,,Transport_DrkNeb_lv4,,,46,,,,Trade,100000,300000,,259200,,1,,,,,,,,4,,,,,,,,,,,34,,,,,,,,,,,,,,,,,,,,,,,,,,,,,,,,,,,,,,,
,,,,,,Transport_DrkNeb_lv5,,,50,,,,Trade,200000,1000000,,604800,,1,,,,,,,,6,,,,,,,,,,,50,,,,,,,,,,,,,,,,,,,,,,,,,,,,,,,,,,,,,,,
,,,,,,Transport_DrkNeb_lv6,,,60,,,,Trade,800000,7000000,,864000,,1,,,,,,,,18,,,,,,,,,,,120,,,,,,,,,,,,,,,,,,,,,,,,,,,,,,,,,,,,,,,
,,,,,,Transport_DrkNeb_lv7,,,63,,,,Trade,2000000,31500000,,864000,,1,,,,,,,,60,,,,,,,,,,,250,,,,,,,,,,,,,,,,,,,,,,,,,,,,,,,,,,,,,,,
Miner,TID_SHIP_MINER,TID_SHIP_MINER_DESCR,TID_SHIP_MINER_INFO,TID_UPGRADE_MINER_DESIGN,portrait_Miner,Miner_DrkNeb_lv1,100,3,0,0,,1,Mining,400,0,,0,2,1,,1,,,,,,,20,,800,30,1000,1200,240,192,124,40,0,,,,,,,,,,,,,,,,,,,,,,,,,,,,,,,,,,,,,,,
,,,,,,Miner_DrkNeb_lv2,,,0,,,,Mining,800,2000,,60,,1,,2,,,,,,,200,,400,25,800,,,,,,0,,,,,,,,,,,,,,,,,,,,,,,,,,,,,,,,,,,,,,,
,,,,,,Miner_DrkNeb_lv3,,,0,,,,Mining,8000,50000,,86400,,1,,3,,,,,,,400,,250,20,500,,,,,,0,,,,,,,,,,,,,,,,,,,,,,,,,,,,,,,,,,,,,,,
,,,,,,Miner_DrkNeb_lv4,,,0,,,,Mining,100000,250000,,259200,,1,,4,,,,,,,800,,125,15,250,,,,,,0,,,,,,,,,,,,,,,,,,,,,,,,,,,,,,,,,,,,,,,
,,,,,,Miner_DrkNeb_lv5,,,0,,,,Mining,200000,800000,,604800,,1,,5,,,,,,,1200,,50,12,100,,,,,,0,,,,,,,,,,,,,,,,,,,,,,,,,,,,,,,,,,,,,,,
,,,,,,Miner_DrkNeb_lv6,,,0,,,,Mining,800000,6000000,,864000,,1,,6,,,,,,,1600,,37,11,75,,,,,,0,,,,,,,,,,,,,,,,,,,,,,,,,,,,,,,,,,,,,,,
,,,,,,Miner_DrkNeb_lv7,,,0,,,,Mining,2000000,24000000,,864000,,1,,7,,,,,,,2000,,32,10,65,,,,,,0,,,,,,,,,,,,,,,,,,,,,,,,,,,,,,,,,,,,,,,
Battleship,TID_SHIP_BATTLESHIP,TID_SHIP_BATTLESHIP_DESCR,TID_SHIP_BATTLESHIP_DESCR,TID_UPGRADE_BS_DESIGN,portrait_Battleship,Battleship_DrkNeb_lv1,100,3,,1,,1,Weapon!Shield,500,0,5000,0,3,4200,350,,,,WeakBattery,0,,,0,,,,,660,250,200,130,40,0,,,,,,,500,,,,,,,,,,,,,,,,,,,,,,,,,,,,,,,,
,,,,,,Battleship_DrkNeb_lv2,,,,,,,Support,1000,2000,20000,300,,5000,417,,,,,,,,,,,,,,,,,,0,,,,,,,1000,,,,,,,,,,,,,,,,,,,,,,,,,,,,,,,,
,,,,,,Battleship_DrkNeb_lv3,,,,,,,Drone,10000,140000,80000,86400,,6000,500,,,,,,,,,,,,,,,,,,0,,,,,,,2000,,,,,,,,,,,,,,,,,,,,,,,,,,,,,,,,
,,,,,,Battleship_DrkNeb_lv4,,,,,,,Support,100000,400000,140000,259200,,7000,583,,,,,,,,,,,,,,,,,,0,,,,,,,4000,,,,,,,,,,,,,,,,,,,,,,,,,,,,,,,,
,,,,,,Battleship_DrkNeb_lv5,,,,,,,Support,400000,1500000,200000,604800,,8000,667,,,,,,,,,,,,,,,,,,0,,,,,,,6000,,,,,,,,,,,,,,,,,,,,,,,,,,,,,,,,
,,,,,,Battleship_DrkNeb_lv6,,,,,,,Support,1000000,8000000,500000,864000,,9000,750,,,,,,,,,,,,,,,,,,0,,,,,,,7000,,,,,,,,,,,,,,,,,,,,,,,,,,,,,,,,
,,,,,,Battleship_DrkNeb_lv7,,,,,,,Drone,2000000,28000000,600000,864000,,10000,833,,,,,,,,,,,,,,,,,,0,,,,,,,8000,,,,,,,,,,,,,,,,,,,,,,,,,,,,,,,,
CerberusSentinel,TID_SHIP_CERB_FIGHTER,TID_SHIP_CERB_FIGHTER_DESCR,TID_SHIP_CERB_FIGHTER_DESCR,,portrait_Sentinel,Fighter_DrkNeb_Cerberus2_lv1,95,4,,1,,0,Weapon,0,,,,0,600,,,,,SentinelBattery,0,,,,,,,,150,125,100,65,40,,4,,,14,0,10,1500,,,,,,,,,,,,,,,,,,,,,,,,,,,,,,,,
CerberusGuardian,TID_SHIP_CERB_SECTOR_GUARDIAN,TID_SHIP_CERB_SECTOR_GUARDIAN_DESCR,TID_SHIP_CERB_SECTOR_GUARDIAN_DESCR,,portrait_Guardian,Fighter_DrkNeb_Cerberus1_lv1,100,3,,1,,0,Weapon,0,,,,0,5600,,,,,GuardianBattery,0,,,,,,,,165,137,110,71,40,,4,,,8,1,20,400,,,,,,,,,,,,,,,,,,,,,,,,,,,,,,,,
CerberusColossus,TID_SHIP_CERB_COLOSSUS,TID_SHIP_CERB_COLOSSUS_DESCR,TID_SHIP_CERB_COLOSSUS_DESCR,,portrait_CerberusColossus,Battleship_Cerberus_DrkNeb_lv1,95,2,,1,,0,Weapon!Support,0,,,,0,15000,,,,,ColossusLaser!ColossusSalvage,0!0,,,,,,,,180,150,120,78,40,,4,,,10,1,100,1200,,,,,,,,,,,,,,,,,,,,,,,,,,,,,,,,
CerberusInterceptor,TID_SHIP_CERB_INTERCEPTOR,TID_SHIP_CERB_INTERCEPTOR_DESCR,TID_SHIP_CERB_INTERCEPTOR_DESCR,,portrait_Interceptor,Fighter_Cerberus3_DrkNeb_lv1,105,2,,1,,0,Weapon,0,,,,0,4500,,,,,InterceptorMBattery,0,,,,,,,,390,325,260,169,40,,5,,,15,1,40,800,,,,,,,,,,,,,,,,,,,,,,,,,,,,,,,,
CerberusDestroyer,TID_SHIP_CERB_DESTROYER,TID_SHIP_CERB_DESTROYER_DESCR,TID_SHIP_CERB_DESTROYER_DESCR,,portrait_CerberusDestroyer,Cerberus_Destroyer_DrkNeb_lv1,100,3,,1,,0,Support,0,,,,0,8000,,,,,DestroyerVengeance,0,,,,,,,,135,112,90,58,40,,6,55550,1,20,1,60,,,,,,,,,,,,,,,,,,,,,,,,,,,,,,,,,
CerberusPhoenix,TID_SHIP_CERB_PHOENIX,TID_SHIP_CERB_PHOENIX_DESCR,TID_SHIP_CERB_PHOENIX_DESCR,,portrait_CerberusPhoenix,Fighter_DrkNeb_Cerberus4_lv1,100,3,,1,,0,Weapon!Shield,0,,,,0,30000,,,,,PhoenixDualLaser!PhoenixShield,0!0,,,,,,,,135,112,90,58,40,,7,,,10,1,120,1000,,,,,CerberusSentinel,3,300,600,SentinelSpawn_Fx,,,,,,,,,,,,,,,,,,,,,,,
ChainRayDrone,TID_MODULE_CHAINRAY_TURRET,TID_MODULE_CHAINRAY_TURRET_DESCR,TID_MODULE_CHAINRAY_TURRET_DESCR,,portrait_AlphaDrone,AlphaDrone_lv1_DrkNeb,80,5,,1,1,0,Weapon,0,0,,0,0,3000,,,,,ChainRayForDrone,0,,,,,,,,525,437,350,227,40,,,,,,,,500,,,,,,,,,,,,,,,1,,,,,,,,,,,,,,,,,
,,,,,,AlphaDrone_lv1_DrkNeb,,,,,,,,,,,,,3000,,,,,ChainRayForDrone,1,,,,,,,,,,,,,,,,,,,,,,,,,,,,,,,,,,,,,,,,,,,,,,,,,,,,
,,,,,,AlphaDrone_lv1_DrkNeb,,,,,,,,,,,,,3000,,,,,ChainRayForDrone,2,,,,,,,,,,,,,,,,,,,,,,,,,,,,,,,,,,,,,,,,,,,,,,,,,,,,
,,,,,,AlphaDrone_lv1_DrkNeb,,,,,,,,,,,,,3000,,,,,ChainRayForDrone,3,,,,,,,,,,,,,,,,,,,,,,,,,,,,,,,,,,,,,,,,,,,,,,,,,,,,
,,,,,,AlphaDrone_lv1_DrkNeb,,,,,,,,,,,,,3000,,,,,ChainRayForDrone,4,,,,,,,,,,,,,,,,,,,,,,,,,,,,,,,,,,,,,,,,,,,,,,,,,,,,
,,,,,,AlphaDrone_lv1_DrkNeb,,,,,,,,,,,,,3000,,,,,ChainRayForDrone,5,,,,,,,,,,,,,,,,,,,,,,,,,,,,,,,,,,,,,,,,,,,,,,,,,,,,
,,,,,,AlphaDrone_lv2_DrkNeb,,,,,,,,,,,,,3000,,,,,ChainRayForDrone,6,,,,,,,,,,,,,,,,,,,,,,,,,,,,,,,,,,,,,,,,,,,,,,,,,,,,
,,,,,,AlphaDrone_lv2_DrkNeb,,,,,,,,,,,,,3000,,,,,ChainRayForDrone,7,,,,,,,,,,,,,,,,,,,,,,,,,,,,,,,,,,,,,,,,,,,,,,,,,,,,
,,,,,,AlphaDrone_lv2_DrkNeb,,,,,,,,,,,,,3000,,,,,ChainRayForDrone,8,,,,,,,,,,,,,,,,,,,,,,,,,,,,,,,,,,,,,,,,,,,,,,,,,,,,
,,,,,,AlphaDrone_lv2_DrkNeb,,,,,,,,,,,,,3000,,,,,ChainRayForDrone,9,,,,,,,,,,,,,,,,,,,,,,,,,,,,,,,,,,,,,,,,,,,,,,,,,,,,
,,,,,,AlphaDrone_lv2_DrkNeb,,,,,,,,,,,,,3000,,,,,ChainRayForDrone,10,,,,,,,,,,,,,,,,,,,,,,,,,,,,,,,,,,,,,,,,,,,,,,,,,,,,
,,,,,,AlphaDrone_lv2_DrkNeb,,,,,,,,,,,,,3000,,,,,ChainRayForDrone,11,,,,,,,,,,,,,,,,,,,,,,,,,,,,,,,,,,,,,,,,,,,,,,,,,,,,
,,,,,,AlphaDrone_lv2_DrkNeb,,,,,,,,,,,,,3000,,,,,ChainRayForDrone,12,,,,,,,,,,,,,,,,,,,,,,,,,,,,,,,,,,,,,,,,,,,,,,,,,,,,
,,,,,,AlphaDrone_lv2_DrkNeb,,,,,,,,,,,,,3000,,,,,ChainRayForDrone,13,,,,,,,,,,,,,,,,,,,,,,,,,,,,,,,,,,,,,,,,,,,,,,,,,,,,
,,,,,,AlphaDrone_lv3_DrkNeb,,,,,,,,,,,,,3000,,,,,ChainRayForDrone,14,,,,,,,,,,,,,,,,,,,,,,,,,,,,,,,,,,,,,,,,,,,,,,,,,,,,
ShipmentDrone,TID_SHIP_SHIPMENT_DRONE,TID_SHIP_SHIPMENT_DRONE_DESCR,TID_SHIP_SHIPMENT_DRONE_DESCR,,portrait_ShipmentDrone,ShipmentDrone_lv1_DrkNeb,100,3,38,0,1,0,Trade!Trade,,,,,,1,,,,,,,,10,,,,,,1200,550,440,286,40,30,8,,,1,,,,,,,,,,,,,,10,,,,,,,,,,,,,,,,,,,,,
,,,,,,ShipmentDrone_lv1_DrkNeb,,,38,,,,,,,,,,1,,,,,,,,10,,,,,,,,,,,40,,,,,,,,,,,,,,,,,,,,,,,,,,,,,,,,,,,,,,,
,,,,,,ShipmentDrone_lv1_DrkNeb,,,38,,,,,,,,,,1,,,,,,,,10,,,,,,,,,,,50,,,,,,,,,,,,,,,,,,,,,,,,,,,,,,,,,,,,,,,
,,,,,,ShipmentDrone_lv1_DrkNeb,,,38,,,,,,,,,,1,,,,,,,,10,,,,,,,,,,,60,,,,,,,,,,,,,,,,,,,,,,,,,,,,,,,,,,,,,,,
,,,,,,ShipmentDrone_lv1_DrkNeb,,,38,,,,,,,,,,1,,,,,,,,10,,,,,,,,,,,70,,,,,,,,,,,,,,,,,,,,,,,,,,,,,,,,,,,,,,,
,,,,,,ShipmentDrone_lv1_DrkNeb,,,38,,,,,,,,,,1,,,,,,,,10,,,,,,,,,,,80,,,,,,,,,,,,,,,,,,,,,,,,,,,,,,,,,,,,,,,
,,,,,,ShipmentDrone_lv1_DrkNeb,,,38,,,,,,,,,,1,,,,,,,,10,,,,,,,,,,,90,,,,,,,,,,,,,,,,,,,,,,,,,,,,,,,,,,,,,,,
,,,,,,ShipmentDrone_lv1_DrkNeb,,,38,,,,,,,,,,1,,,,,,,,10,,,,,,,,,,,100,,,,,,,,,,,,,,,,,,,,,,,,,,,,,,,,,,,,,,,
,,,,,,ShipmentDrone_lv1_DrkNeb,,,38,,,,,,,,,,1,,,,,,,,10,,,,,,,,,,,120,,,,,,,,,,,,,,,,,,,,,,,,,,,,,,,,,,,,,,,
,,,,,,ShipmentDrone_lv1_DrkNeb,,,38,,,,,,,,,,1,,,,,,,,10,,,,,,,,,,,140,,,,,,,,,,,,,,,,,,,,,,,,,,,,,,,,,,,,,,,
,,,,,,ShipmentDrone_lv1_DrkNeb,,,38,,,,,,,,,,1,,,,,,,,10,,,,,,,,,,,160,,,,,,,,,,,,,,,,,,,,,,,,,,,,,,,,,,,,,,,
,,,,,,ShipmentDrone_lv1_DrkNeb,,,38,,,,,,,,,,1,,,,,,,,10,,,,,,,,,,,180,,,,,,,,,,,,,,,,,,,,,,,,,,,,,,,,,,,,,,,
,,,,,,ShipmentDrone_lv1_DrkNeb,,,38,,,,,,,,,,1,,,,,,,,10,,,,,,,,,,,200,,,,,,,,,,,,,,,,,,,,,,,,,,,,,,,,,,,,,,,
,,,,,,ShipmentDrone_lv1_DrkNeb,,,38,,,,,,,,,,1,,,,,,,,10,,,,,,,,,,,240,,,,,,,,,,,,,,,,,,,,,,,,,,,,,,,,,,,,,,,
,,,,,,ShipmentDrone_lv1_DrkNeb,,,38,,,,,,,,,,1,,,,,,,,10,,,,,,,,,,,280,,,,,,,,,,,,,,,,,,,,,,,,,,,,,,,,,,,,,,,
TutBattleship,TID_SHIP_BATTLESHIP,TID_SHIP_BATTLESHIP_DESCR,TID_SHIP_BATTLESHIP_DESCR,TID_UPGRADE_BS_DESIGN,portrait_Battleship,Battleship_DrkNeb_lv3,100,3,,1,1,0,Weapon,0,0,,0,0,6000,,,,,WeakBattery,0,,,0,,,,,300,250,200,130,40,0,9,,,4,,,,,,,,,,,,,,,,,,,,,,,,,,,,,,,,,,,
BlastDrone,TID_SHIP_BLAST_DRONE,TID_SHIP_BLAST_DRONE_DESCR,TID_SHIP_BLAST_DRONE_DESCR,,portrait_MiningDrone,MiningDrone_DrkNeb_lv1,100,3,,0,1,0,,,,,,,500,,,,,,,,0,20,200,100,10,10,600,500,400,260,40,,10,,,0,,,,,,,,,,,,,,50,,,,,,,,,,,,,,,,,,1600,100,600,200
,,,,,,MiningDrone_DrkNeb_lv1,,,,,,,,,,,,,600,,,,,,,,,20,200,100,10,10,,,,,,,,,,,,,,,,,,,,,,,,,,,,,,,,,,,,,,,,,,,200,,
,,,,,,MiningDrone_DrkNeb_lv1,,,,,,,,,,,,,700,,,,,,,,,20,200,100,10,10,,,,,,,,,,,,,,,,,,,,,,,,,,,,,,,,,,,,,,,,,,,300,,
,,,,,,MiningDrone_DrkNeb_lv2,,,,,,,,,,,,,800,,,,,,,,,20,200,100,10,10,,,,,,,,,,,,,,,,,,,,,,,,,,,,,,,,,,,,,,,,,,,400,,
,,,,,,MiningDrone_DrkNeb_lv2,,,,,,,,,,,,,900,,,,,,,,,20,200,100,10,10,,,,,,,,,,,,,,,,,,,,,,,,,,,,,,,,,,,,,,,,,,,500,,
,,,,,,MiningDrone_DrkNeb_lv2,,,,,,,,,,,,,1000,,,,,,,,,20,200,100,10,10,,,,,,,,,,,,,,,,,,,,,,,,,,,,,,,,,,,,,,,,,,,600,,
,,,,,,MiningDrone_DrkNeb_lv4,,,,,,,,,,,,,1100,,,,,,,,,20,200,100,10,10,,,,,,,,,,,,,,,,,,,,,,,,,,,,,,,,,,,,,,,,,,,700,,
,,,,,,MiningDrone_DrkNeb_lv4,,,,,,,,,,,,,1200,,,,,,,,,20,200,100,10,10,,,,,,,,,,,,,,,,,,,,,,,,,,,,,,,,,,,,,,,,,,,800,,
,,,,,,MiningDrone_DrkNeb_lv4,,,,,,,,,,,,,1300,,,,,,,,,20,200,100,10,10,,,,,,,,,,,,,,,,,,,,,,,,,,,,,,,,,,,,,,,,,,,900,,
,,,,,,MiningDrone_DrkNeb_lv4,,,,,,,,,,,,,1400,,,,,,,,,20,200,100,10,10,,,,,,,,,,,,,,,,,,,,,,,,,,,,,,,,,,,,,,,,,,,1000,,
,,,,,,MiningDrone_DrkNeb_lv7,,,,,,,,,,,,,1500,,,,,,,,,20,200,100,10,10,,,,,,,,,,,,,,,,,,,,,,,,,,,,,,,,,,,,,,,,,,,1100,,
,,,,,,MiningDrone_DrkNeb_lv7,,,,,,,,,,,,,1600,,,,,,,,,20,200,100,10,10,,,,,,,,,,,,,,,,,,,,,,,,,,,,,,,,,,,,,,,,,,,1200,,
,,,,,,MiningDrone_DrkNeb_lv7,,,,,,,,,,,,,1700,,,,,,,,,20,200,100,10,10,,,,,,,,,,,,,,,,,,,,,,,,,,,,,,,,,,,,,,,,,,,1300,,
,,,,,,MiningDrone_DrkNeb_lv7,,,,,,,,,,,,,1800,,,,,,,,,20,200,100,10,10,,,,,,,,,,,,,,,,,,,,,,,,,,,,,,,,,,,,,,,,,,,1400,,
,,,,,,MiningDrone_DrkNeb_lv10,,,,,,,,,,,,,2000,,,,,,,,,20,200,100,10,10,,,,,,,,,,,,,,,,,,,,,,,,,,,,,,,,,,,,,,,,,,,1500,,
CerberusBomber,TID_SHIP_CERBERUS_BOMBER,TID_SHIP_CERBERUS_BOMBER_DESCR,TID_SHIP_CERBERUS_BOMBER_DESCR,,portrait_CerberusBomber,Fighter_DrkNeb_Cerberus5_lv1,100,3,,1,,0,Weapon,0,,,,0,32000,,,,,BomberLauncher,0,,,,,,,,120,100,80,52,40,,11,,,2,1,120,1500,250,,,,,,,,,,,,,,,,,,,,,,,,,,,,,,,
BlueStarBot,TID_SHIP_BATTLESHIP,TID_SHIP_BATTLESHIP_DESCR,TID_SHIP_BATTLESHIP_DESCR,TID_UPGRADE_BS_DESIGN,portrait_Battleship,Battleship_DrkNeb_lv1,100,3,,1,,0,Weapon!Shield,,,,,,4200,,,,,WeakBattery,0,,,0,,,,,300,250,200,130,40,,12,,,5,,,500,,,,,,,,,,,,,,,,,,,,,,,,,,,,,,,,
,,,,,,Battleship_DrkNeb_lv2,,,,,,,Support,,,,,,5000,,,,,,,,,,,,,,,,,,,,,,,,,,1000,,,,,,,,,,,,,,,,,,,,,,,,,,,,,,,,
,,,,,,Battleship_DrkNeb_lv3,,,,,,,Support,,,,,,6000,,,,,,,,,,,,,,,,,,,,,,,,,,1500,,,,,,,,,,,,,,,,,,,,,,,,,,,,,,,,
,,,,,,Battleship_DrkNeb_lv4,,,,,,,Support,,,,,,7000,,,,,,,,,,,,,,,,,,,,,,,,,,3000,,,,,,,,,,,,,,,,,,,,,,,,,,,,,,,,
,,,,,,Battleship_DrkNeb_lv5,,,,,,,Support,,,,,,8000,,,,,,,,,,,,,,,,,,,,,,,,,,5000,,,,,,,,,,,,,,,,,,,,,,,,,,,,,,,,
CerberusStorm,TID_SHIP_STORM,TID_SHIP_STORM_DESCR,TID_SHIP_STORM_DESCR,,portrait_CerberusStorm,Fighter_DrkNeb_Cerberus6_lv1,100,3,,1,,0,Weapon,0,,,,0,18000,,,,,StormDarts,0,,,,,,,,6,6,6,6,40,,13,,,,,100,,,,,,,,,,,,,,,1600,,,,,,,,,,,,,,,,,,
CerberusGhosts,TID_SHIP_CERB_GHOSTS,TID_SHIP_CERB_GHOSTS_DESCR,TID_SHIP_CERB_GHOSTS_DESCR,,portrait_CerberusSwarm,Cerberus_DrkNeb_Swarm_lv1,100,3,,1,,0,Weapon,0,,,,0,250,,,,,GhostBattery,0,,,,,,,,390,325,260,169,40,,16,,,6,,1,,,,,,,,,,SentinelSpawn_Fx,,,,,,,,,,,,,,,,,,,,,,,
CorpFlagship,TID_CORP_FLAGSHIP,TID_CORP_FLAGSHIP_DESCR,TID_CORP_FLAGSHIP_DESCR,,portrait_CorpFlagship,Corp_Flagship_lv1_DrkNeb,100,3,,1,,0,,0,200000,,0,0,5000,,,Battery,0,,,,,,,,,,240,200,160,104,40,100,,,,,,,,,,,,,,,,,,,,,,,,,,,,,,,,,,,,,,,
,,,,,,Corp_Flagship_lv2_DrkNeb,,,,,,,,,600000,,,,5500,,,Battery!Immolation,1!0,,,,,,,,,,,,,,,,,,,,,,,,,,,,,,,,,,,,,,,,,,,,,,,,,,,,,,
,,,,,,Corp_Flagship_lv3_DrkNeb,,,,,,,,,2000000,,,,6050,,,Battery!Immolation!Recoil,2!0!0,,,,,,,,,,,,,,,,,,,,,,,,,,,,,,,,,,,,,,,,,,,,,,,,,,,,,,
,,,,,,Corp_Flagship_lv4_DrkNeb,,,,,,,,,5000000,,,,6650,,,Battery!Immolation!Recoil!FlagshipStealth,3!1!0!11,,,,,,,,,,,,,,,,,,,,,,,,,,,,,,,,,,,,,,,,,,,,,,,,,,,,,,
,,,,,,Corp_Flagship_lv5_DrkNeb,,,,,,,,,20000000,,,,7300,,,Battery!Immolation!Recoil!FlagshipStealth!FlagshipDroneSwarm,4!1!0!11!0,,,,,,,,,,,,,,,,,,,,,,,,,,,,,,,,,,,,,,,,,,,,,,,,,,,,,,
,,,,,,Corp_Flagship_lv5_DrkNeb,,,,,,,,,40000000,,,,8000,,,Battery!Immolation!Recoil!FlagshipStealth!FlagshipDroneSwarm!EMPRocket,5!2!0!11!1!0,,,,,,,,,,,,,,,,,,,,,,,,,,,,,,,,,,,,,,,,,,,,,,,,,,,,,,
,,,,,,Corp_Flagship_lv6_DrkNeb,,,,,,,,,60000000,,,,8800,,,Battery!Immolation!Recoil!FlagshipStealth!FlagshipDroneSwarm!EMPRocket!FlagshipRocketCluster,6!2!0!11!2!1!0,,,,,,,,,,,,,,,,,,,,,,,,,,,,,,,,,,,,,,,,,,,,,,,,,,,,,,
,,,,,,Corp_Flagship_lv6_DrkNeb,,,,,,,,,80000000,,,,9700,,,Battery!Immolation!Recoil!FlagshipStealth!FlagshipDroneSwarm!EMPRocket!FlagshipRocketCluster!FlagshipShieldModule,7!2!0!11!3!2!1!0,,,,,,,,,,,,,,,,,,,,,,,,,,,,,,,,,,,,,,,,,,,,,,,,,,,,,,
,,,,,,Corp_Flagship_lv7_DrkNeb,,,,,,,,,100000000,,,,10700,,,Battery!Immolation!Recoil!FlagshipStealth!FlagshipDroneSwarm!EMPRocket!FlagshipRocketCluster!FlagshipShieldModule,8!2!0!11!4!3!2!0,,,,,,,,,,,,,,,,,,,,,,,,,,,,,,,,,,,,,,,,,,,,,,,,,,,,,,
,,,,,,Corp_Flagship_lv7_DrkNeb,,,,,,,,,140000000,,,,11800,,,Battery!Immolation!Recoil!FlagshipStealth!FlagshipDroneSwarm!EMPRocket!FlagshipRocketCluster!FlagshipShieldModule!FlagshipWeaponModule,9!3!0!11!5!4!3!0!0,,,,,,,,,,,,,,,,,,,,,,,,,,,,,,,,,,,,,,,,,,,,,,,,,,,,,,
,,,,,,Corp_Flagship_lv8_DrkNeb,,,,,,,,,180000000,,,,13000,,,Battery!Immolation!Recoil!FlagshipStealth!FlagshipDroneSwarm!EMPRocket!FlagshipRocketCluster!FlagshipShieldModule!FlagshipWeaponModule,9!3!0!11!6!5!4!1!0,,,,,,,,,,,,,,,,,,,,,,,,,,,,,,,,,,,,,,,,,,,,,,,,,,,,,,
,,,,,,Corp_Flagship_lv8_DrkNeb,,,,,,,,,220000000,,,,14200,,,Battery!Immolation!Recoil!FlagshipStealth!FlagshipDroneSwarm!EMPRocket!FlagshipRocketCluster!FlagshipShieldModule!FlagshipWeaponModule,10!3!0!11!7!6!5!1!0,,,,,,,,,,,,,,,,,,,,,,,,,,,,,,,,,,,,,,,,,,,,,,,,,,,,,,
,,,,,,Corp_Flagship_lv9_DrkNeb,,,,,,,,,260000000,,,,15600,,,Battery!Immolation!Recoil!FlagshipStealth!FlagshipDroneSwarm!EMPRocket!FlagshipRocketCluster!FlagshipShieldModule!FlagshipWeaponModule,10!3!0!11!8!7!6!1!1,,,,,,,,,,,,,,,,,,,,,,,,,,,,,,,,,,,,,,,,,,,,,,,,,,,,,,
,,,,,,Corp_Flagship_lv9_DrkNeb,,,,,,,,,300000000,,,,17500,,,Battery!Immolation!Recoil!FlagshipStealth!FlagshipDroneSwarm!EMPRocket!FlagshipRocketCluster!FlagshipShieldModule!FlagshipWeaponModule,11!4!0!11!8!7!7!2!1,,,,,,,,,,,,,,,,,,,,,,,,,,,,,,,,,,,,,,,,,,,,,,,,,,,,,,
,,,,,,Corp_Flagship_lv10_DrkNeb,,,,,,,,,350000000,,,,20000,,,Battery!Immolation!Recoil!FlagshipStealth!FlagshipDroneSwarm!EMPRocket!FlagshipRocketCluster!FlagshipShieldModule!FlagshipWeaponModule,11!4!0!11!9!7!8!2!2,,,,,,,,,,,,,,,,,,,,,,,,,,,,,,,,,,,,,,,,,,,,,,,,,,,,,,
,,,,,,Corp_Flagship_lv11_DrkNeb,,,,,,,,,500000000,,,,22500,,,Battery!Immolation!Recoil!FlagshipStealth!FlagshipDroneSwarm!EMPRocket!FlagshipRocketCluster!FlagshipShieldModule!FlagshipWeaponModule,12!4!0!11!9!7!9!2!2,,,,,,,,,,,,,,,,,,,,,,,,,,,,,,,,,,,,,,,,,,,,,,,,,,,,,,
,,,,,,Corp_Flagship_lv11_DrkNeb,,,,,,,,,800000000,,,,25000,,,Battery!Immolation!Recoil!FlagshipStealth!FlagshipDroneSwarm!EMPRocket!FlagshipRocketCluster!FlagshipShieldModule!FlagshipWeaponModule,12!4!0!11!10!7!10!2!2,,,,,,,,,,,,,,,,,,,,,,,,,,,,,,,,,,,,,,,,,,,,,,,,,,,,,,
,,,,,,Corp_Flagship_lv12_DrkNeb,,,,,,,,,1200000000,,,,27500,,,Battery!Immolation!Recoil!FlagshipStealth!FlagshipDroneSwarm!EMPRocket!FlagshipRocketCluster!FlagshipShieldModule!FlagshipWeaponModule,13!4!0!11!10!7!11!2!2,,,,,,,,,,,,,,,,,,,,,,,,,,,,,,,,,,,,,,,,,,,,,,,,,,,,,,
,,,,,,Corp_Flagship_lv12_DrkNeb,,,,,,,,,1600000000,,,,30000,,,Battery!Immolation!Recoil!FlagshipStealth!FlagshipDroneSwarm!EMPRocket!FlagshipRocketCluster!FlagshipShieldModule!FlagshipWeaponModule,13!4!0!11!11!7!12!2!2,,,,,,,,,,,,,,,,,,,,,,,,,,,,,,,,,,,,,,,,,,,,,,,,,,,,,,
,,,,,,Corp_Flagship_lv13_DrkNeb,,,,,,,,,2000000000,,,,32500,,,Battery!Immolation!Recoil!FlagshipStealth!FlagshipDroneSwarm!EMPRocket!FlagshipRocketCluster!FlagshipShieldModule!FlagshipWeaponModule,14!4!0!11!12!7!13!2!2,,,,,,,,,,,,,,,,,,,,,,,,,,,,,,,,,,,,,,,,,,,,,,,,,,,,,,
Hydraling2,TID_SHIP_CERB_HYDRA_2,TID_SHIP_CERB_HYDRA_2_DESCR,TID_SHIP_CERB_HYDRA_2_DESCR,,portrait_CerberusHydra,Battleship_CerberusHydraling2_DrkNeb,150,1,,1,,0,Weapon,0,,,,,5000,,,,,HydraBarrage,0,,,,,,,,300,250,200,130,40,,4,,,20,1,50,,,,,,,,,,,,,,80,,,,,,,,,,,,,,,,,,,
Hydraling1,TID_SHIP_CERB_HYDRA_1,TID_SHIP_CERB_HYDRA_1_DESCR,TID_SHIP_CERB_HYDRA_1_DESCR,,portrait_CerberusHydra,Battleship_CerberusHydraling1_DrkNeb,150,1,,1,,0,Weapon,0,,,,,15000,,,,,HydraBarrage,1,,,,,,,,300,250,200,130,40,,4,,,20,1,50,,,,,,Hydraling2,2,300,600,SentinelSpawn_Fx,,,,80,,,,,,,,,,,,,,,,,,,
CerberusHydra,TID_SHIP_CERB_HYDRA,TID_SHIP_CERB_HYDRA_DESCR,TID_SHIP_CERB_HYDRA_DESCR,,portrait_CerberusHydra,Battleship_CerberusHydra_DrkNeb,120,0,,1,,0,Weapon,0,,,,0,50000,,,,,HydraBarrage,2,,,,,,,,240,200,160,104,40,,4,,,20,1,100,,,,,,Hydraling1,2,300,600,SentinelSpawn_Fx,,,,80,,,,,,,,,,,,,,,,,,,
CerberusStormBLS,TID_SHIP_STORM,TID_SHIP_STORM_DESCR,TID_SHIP_STORM_DESCR,,portrait_CerberusStorm,Fighter_DrkNeb_Cerberus6_lv1,100,3,,1,,0,Weapon,0,,,,0,30000,,,,,StormDarts,0,,,,,,,,18,15,12,7,40,,13,,,,,100,,,,,,,,,,,,,,,1200,,,,,,,15,,,,,,,,,,,
RelicDrone,TID_RELIC_DRONE,TID_RELIC_DRONE_DESCR,TID_RELIC_DRONE_DESCR,,portrait_AlphaDrone,RelicDrone_lv1_DrkNeb,80,5,16,,1,0,,0,0,,0,0,500,,,,,,,,4,,,,,,330,275,220,143,40,,14,,,,,,,,,,,,,,,,1,,,,,,,1,750,,,,,,,,,,,,,,
,,,,,,RelicDrone_lv1_DrkNeb,,,16,,,,,,,,,,500,,,,,,,,8,,,,,,,,,,,,,,,,,,,,,,,,,,,,,,,,,,,2,700,,,,,,,,,,,,,,
,,,,,,RelicDrone_lv1_DrkNeb,,,16,,,,,,,,,,500,,,,,,,,12,,,,,,,,,,,,,,,,,,,,,,,,,,,,,,,,,,,3,650,,,,,,,,,,,,,,
,,,,,,RelicDrone_lv2_DrkNeb,,,50,,,,,,,,,,500,,,,,,,,16,,,,,,,,,,,,,,,,,,,,,,,,,,,,,,,,,,,4,610,,,,,,,,,,,,,,
,,,,,,RelicDrone_lv2_DrkNeb,,,50,,,,,,,,,,500,,,,,,,,20,,,,,,,,,,,,,,,,,,,,,,,,,,,,,,,,,,,5,580,,,,,,,,,,,,,,
,,,,,,RelicDrone_lv2_DrkNeb,,,50,,,,,,,,,,500,,,,,,,,24,,,,,,,,,,,,,,,,,,,,,,,,,,,,,,,,,,,6,550,,,,,,,,,,,,,,
,,,,,,RelicDrone_lv2_DrkNeb,,,50,,,,,,,,,,500,,,,,,,,28,,,,,,,,,,,,,,,,,,,,,,,,,,,,,,,,,,,8,520,,,,,,,,,,,,,,
,,,,,,RelicDrone_lv3_DrkNeb,,,82,,,,,,,,,,500,,,,,,,,32,,,,,,,,,,,,,,,,,,,,,,,,,,,,,,,,,,,10,490,,,,,,,,,,,,,,
,,,,,,RelicDrone_lv3_DrkNeb,,,82,,,,,,,,,,500,,,,,,,,36,,,,,,,,,,,,,,,,,,,,,,,,,,,,,,,,,,,12,460,,,,,,,,,,,,,,
,,,,,,RelicDrone_lv3_DrkNeb,,,82,,,,,,,,,,500,,,,,,,,40,,,,,,,,,,,,,,,,,,,,,,,,,,,,,,,,,,,14,430,,,,,,,,,,,,,,
,,,,,,RelicDrone_lv3_DrkNeb,,,82,,,,,,,,,,500,,,,,,,,44,,,,,,,,,,,,,,,,,,,,,,,,,,,,,,,,,,,16,400,,,,,,,,,,,,,,
,,,,,,RelicDrone_lv3_DrkNeb,,,82,,,,,,,,,,500,,,,,,,,48,,,,,,,,,,,,,,,,,,,,,,,,,,,,,,,,,,,18,360,,,,,,,,,,,,,,
,,,,,,RelicDrone_lv3_DrkNeb,,,82,,,,,,,,,,500,,,,,,,,52,,,,,,,,,,,,,,,,,,,,,,,,,,,,,,,,,,,20,320,,,,,,,,,,,,,,
,,,,,,RelicDrone_lv3_DrkNeb,,,82,,,,,,,,,,500,,,,,,,,56,,,,,,,,,,,,,,,,,,,,,,,,,,,,,,,,,,,23,280,,,,,,,,,,,,,,
,,,,,,RelicDrone_lv3_DrkNeb,,,82,,,,,,,,,,500,,,,,,,,60,,,,,,,,,,,,,,,,,,,,,,,,,,,,,,,,,,,26,360,,,,,,,,,,,,,,
FlagshipDartBarrage,TID_MODULE_FLAGSHIP_WEAPON,TID_MODULE_FLAGSHIP_WEAPON_DESCR,TID_MODULE_FLAGSHIP_WEAPON_DESCR,,portrait_AlphaRocket,Drone_dartLauncher,100,3,,1,1,0,Weapon,0,,,,,4000,,,,,FlagshipDartBarrage,0,,,,,,,,0,0,0,0,40,,,,,,,,,,,,,,,,,,,,,,,1,,,,,,,,,,,,,,,,,
,,,,,,Drone_dartLauncher,100,,,,,,,,,,,,8000,,,,,FlagshipDartBarrage,1,,,,,,,,,,,,,,,,,,,,,,,,,,,,,,,,,,,,,,,,,,,,,,,,,,,,
,,,,,,Drone_dartLauncher,100,,,,,,,,,,,,12000,,,,,FlagshipDartBarrage,2,,,,,,,,,,,,,,,,,,,,,,,,,,,,,,,,,,,,,,,,,,,,,,,,,,,,
FlagshipAreaShield,TID_MODULE_FLAGSHIP_SHIELD,TID_MODULE_FLAGSHIP_SHIELD_DESCR,TID_MODULE_FLAGSHIP_SHIELD_DESCR,,portrait_DroneAreaShield,Drone_areaShield,100,3,,0,1,0,Shield,0,,,,,4000,,,,,FlagshipAreaShield,0,,,,,,,,0,0,0,0,40,,,,,,,,,,,,,,,,,,,,,,,1,,,,,,,,,,,,,,,,,
,,,,,,Drone_areaShield,100,,,,,,,,,,,,8000,,,,,FlagshipAreaShield,1,,,,,,,,,,,,,,,,,,,,,,,,,,,,,,,,,,,,,,,,,,,,,,,,,,,,
,,,,,,Drone_areaShield,100,,,,,,,,,,,,12000,,,,,FlagshipAreaShield,2,,,,,,,,,,,,,,,,,,,,,,,,,,,,,,,,,,,,,,,,,,,,,,,,,,,,
LaserTurret,TID_MODULE_LASER_TURRET,TID_MODULE_LASER_TURRET_DESCR,TID_MODULE_LASER_TURRET_DESCR,,portrait_TurretLaser,Turret_Laser01,100,3,,1,1,0,Weapon,0,,,,,1000,,,,,LaserTurret_Laser,0,,,,,,,,0,0,0,0,40,,,,,,,,,,,,,,,,,,,,5,,,1,5,24,,,,,,,,,,,,,,,
,,,,,,Turret_Laser01,100,,,,,,,,,,,,1200,,,,,LaserTurret_Laser,1,,,,,,,,,,,,,,,,,,,,,,,,,,,,,,,,,,,,,,,,,,,,,,,,,,,,
,,,,,,Turret_Laser01,100,,,,,,,,,,,,1400,,,,,LaserTurret_Laser,2,,,,,,,,,,,,,,,,,,,,,,,,,,,,,,,,,,,,,,,,,,,,,,,,,,,,
,,,,,,Turret_Laser01,100,,,,,,,,,,,,1600,,,,,LaserTurret_Laser,3,,,,,,,,,,,,,,,,,,,,,,,,,,,,,,,,,,,,,,,,,,,,,,,,,,,,
,,,,,,Turret_Laser01,100,,,,,,,,,,,,1800,,,,,LaserTurret_Laser,4,,,,,,,,,,,,,,,,,,,,,,,,,,,,,,,,,,,,,,,,,,,,,,,,,,,,
,,,,,,Turret_Laser01,100,,,,,,,,,,,,2000,,,,,LaserTurret_Laser,5,,,,,,,,,,,,,,,,,,,,,,,,,,,,,,,,,,,,,,,,,,,,,,,,,,,,
,,,,,,Turret_Laser01,100,,,,,,,,,,,,2200,,,,,LaserTurret_Laser,6,,,,,,,,,,,,,,,,,,,,,,,,,,,,,,,,,,,,,,,,,,,,,,,,,,,,
,,,,,,Turret_Laser01,100,,,,,,,,,,,,2400,,,,,LaserTurret_Laser,7,,,,,,,,,,,,,,,,,,,,,,,,,,,,,,,,,,,,,,,,,,,,,,,,,,,,
,,,,,,Turret_Laser01,100,,,,,,,,,,,,2600,,,,,LaserTurret_Laser,8,,,,,,,,,,,,,,,,,,,,,,,,,,,,,,,,,,,,,,,,,,,,,,,,,,,,
,,,,,,Turret_Laser01,100,,,,,,,,,,,,2800,,,,,LaserTurret_Laser,9,,,,,,,,,,,,,,,,,,,,,,,,,,,,,,,,,,,,,,,,,,,,,,,,,,,,
,,,,,,Turret_Laser01,100,,,,,,,,,,,,3000,,,,,LaserTurret_Laser,10,,,,,,,,,,,,,,,,,,,,,,,,,,,,,,,,,,,,,,,,,,,,,,,,,,,,
,,,,,,Turret_Laser01,100,,,,,,,,,,,,3200,,,,,LaserTurret_Laser,11,,,,,,,,,,,,,,,,,,,,,,,,,,,,,,,,,,,,,,,,,,,,,,,,,,,,
,,,,,,Turret_Laser01,100,,,,,,,,,,,,3400,,,,,LaserTurret_Laser,12,,,,,,,,,,,,,,,,,,,,,,,,,,,,,,,,,,,,,,,,,,,,,,,,,,,,
,,,,,,Turret_Laser01,100,,,,,,,,,,,,3600,,,,,LaserTurret_Laser,13,,,,,,,,,,,,,,,,,,,,,,,,,,,,,,,,,,,,,,,,,,,,,,,,,,,,
,,,,,,Turret_Laser01,100,,,,,,,,,,,,3800,,,,,LaserTurret_Laser,14,,,,,,,,,,,,,,,,,,,,,,,,,,,,,,,,,,,,,,,,,,,,,,,,,,,,
CerberusCarrier,TID_SHIP_CERB_CARRIER,TID_SHIP_CERB_CARRIER_DESCR,TID_SHIP_CERB_CARRIER_DESCR,,portrait_CerberusCarrier,Cerberus_DrkNeb_Carrier,100,0,,1,,0,Support,0,,,,0,50000,,,,,CarrierTeleport,0,,,,,,,,150,125,100,65,40,,15,,,5,,150,,,220,CerberusSentinel,3,,,,,SentinelSpawn_Fx,,,,,1600,,,,,8,,,,,,,,,,,,,
OmegaDrone,TID_SHIP_OMEGA_DRONE,TID_SHIP_OMEGA_DRONE_DESCR,TID_SHIP_OMEGA_DRONE_DESCR,,portrait_AlphaDrone,AlphaDrone_lv1_DrkNeb,100,3,,1,1,0,,0,0,,0,0,8000,,,,,,0,,,,,,,,60,50,40,26,40,,,,,,,,500,,,,,,,,,,1,,,,1200,,,,,,,,,,,,,,,,,,
,,,,,,AlphaDrone_lv2_DrkNeb,,,,,,,,,,,,,8600,,,,,,1,,,,,,,,,,,,,,,,,,,,,,,,,,,,,,,,,,,,,,,,,,,,,,,,,,,,
,,,,,,AlphaDrone_lv3_DrkNeb,,,,,,,,,,,,,9300,,,,,,2,,,,,,,,,,,,,,,,,,,,,,,,,,,,,,,,,,,,,,,,,,,,,,,,,,,,
,,,,,,AlphaDrone_lv3_DrkNeb,,,,,,,,,,,,,10000,,,,,,3,,,,,,,,,,,,,,,,,,,,,,,,,,,,,,,,,,,,,,,,,,,,,,,,,,,,
,,,,,,AlphaDrone_lv3_DrkNeb,,,,,,,,,,,,,10800,,,,,,4,,,,,,,,,,,,,,,,,,,,,,,,,,,,,,,,,,,,,,,,,,,,,,,,,,,,
,,,,,,AlphaDrone_lv3_DrkNeb,,,,,,,,,,,,,11700,,,,,,5,,,,,,,,,,,,,,,,,,,,,,,,,,,,,,,,,,,,,,,,,,,,,,,,,,,,
,,,,,,AlphaDrone_lv3_DrkNeb,,,,,,,,,,,,,12700,,,,,,6,,,,,,,,,,,,,,,,,,,,,,,,,,,,,,,,,,,,,,,,,,,,,,,,,,,,
,,,,,,AlphaDrone_lv3_DrkNeb,,,,,,,,,,,,,13700,,,,,,7,,,,,,,,,,,,,,,,,,,,,,,,,,,,,,,,,,,,,,,,,,,,,,,,,,,,
,,,,,,AlphaDrone_lv3_DrkNeb,,,,,,,,,,,,,14800,,,,,,8,,,,,,,,,,,,,,,,,,,,,,,,,,,,,,,,,,,,,,,,,,,,,,,,,,,,
,,,,,,AlphaDrone_lv3_DrkNeb,,,,,,,,,,,,,16000,,,,,,9,,,,,,,,,,,,,,,,,,,,,,,,,,,,,,,,,,,,,,,,,,,,,,,,,,,,
,,,,,,AlphaDrone_lv3_DrkNeb,,,,,,,,,,,,,17000,,,,,,10,,,,,,,,,,,,,,,,,,,,,,,,,,,,,,,,,,,,,,,,,,,,,,,,,,,,
,,,,,,AlphaDrone_lv3_DrkNeb,,,,,,,,,,,,,18500,,,,,,11,,,,,,,,,,,,,,,,,,,,,,,,,,,,,,,,,,,,,,,,,,,,,,,,,,,,
DroneSquadShip,TID_SHIP_SQUAD_DRONE,TID_SHIP_SQUAD_DRONE_DESCR,TID_SHIP_SQUAD_DRONE_DESCR,,portrait_AlphaDrone,AlphaDrone_lv1_DrkNeb,80,5,,1,1,0,Weapon,0,0,,0,0,500,,,,,DroneSquadBattery,0,,,,,,,,525,437,350,227,40,,,,,,,,500,,,,,,,,,,,,,,,,,,,,,,,,,,,,,,,,
,,,,,,AlphaDrone_lv2_DrkNeb,,,,,,,,,,,,,500,,,,,DroneSquadBattery,1,,,,,,,,,,,,,,,,,,,,,,,,,,,,,,,,,,,,,,,,,,,,,,,,,,,,
,,,,,,AlphaDrone_lv3_DrkNeb,,,,,,,,,,,,,500,,,,,DroneSquadBattery,2,,,,,,,,,,,,,,,,,,,,,,,,,,,,,,,,,,,,,,,,,,,,,,,,,,,,
,,,,,,AlphaDrone_lv3_DrkNeb,,,,,,,,,,,,,500,,,,,DroneSquadBattery,3,,,,,,,,,,,,,,,,,,,,,,,,,,,,,,,,,,,,,,,,,,,,,,,,,,,,
,,,,,,AlphaDrone_lv3_DrkNeb,,,,,,,,,,,,,500,,,,,DroneSquadBattery,4,,,,,,,,,,,,,,,,,,,,,,,,,,,,,,,,,,,,,,,,,,,,,,,,,,,,
,,,,,,AlphaDrone_lv3_DrkNeb,,,,,,,,,,,,,500,,,,,DroneSquadBattery,5,,,,,,,,,,,,,,,,,,,,,,,,,,,,,,,,,,,,,,,,,,,,,,,,,,,,
,,,,,,AlphaDrone_lv3_DrkNeb,,,,,,,,,,,,,500,,,,,DroneSquadBattery,6,,,,,,,,,,,,,,,,,,,,,,,,,,,,,,,,,,,,,,,,,,,,,,,,,,,,
,,,,,,AlphaDrone_lv3_DrkNeb,,,,,,,,,,,,,500,,,,,DroneSquadBattery,7,,,,,,,,,,,,,,,,,,,,,,,,,,,,,,,,,,,,,,,,,,,,,,,,,,,,
,,,,,,AlphaDrone_lv3_DrkNeb,,,,,,,,,,,,,500,,,,,DroneSquadBattery,8,,,,,,,,,,,,,,,,,,,,,,,,,,,,,,,,,,,,,,,,,,,,,,,,,,,,
,,,,,,AlphaDrone_lv3_DrkNeb,,,,,,,,,,,,,500,,,,,DroneSquadBattery,9,,,,,,,,,,,,,,,,,,,,,,,,,,,,,,,,,,,,,,,,,,,,,,,,,,,,
DeltaDrone,TID_SHIP_DELTA_DRONE,TID_SHIP_DELTA_DRONE_DESCR,TID_SHIP_DELTA_DRONE_DESCR,,portrait_AlphaDrone,AlphaDrone_lv1_DrkNeb,80,5,,1,1,0,Weapon!Support,0,0,,0,0,2000,,,,,DeltaDroneBattery!DeltaDroneTeleport,0!0,,,,,,,,525,437,350,227,40,,,,,,,,500,,,,,,,,,,,,,,,,,,,,,,,,,,,,,,,,
,,,,,,AlphaDrone_lv2_DrkNeb,,,,,,,,,,,,,2000,,,,,DeltaDroneBattery!DeltaDroneTeleport,1!0,,,,,,,,,,,,,,,,,,,,,,,,,,,,,,,,,,,,,,,,,,,,,,,,,,,,
,,,,,,AlphaDrone_lv3_DrkNeb,,,,,,,,,,,,,2000,,,,,DeltaDroneBattery!DeltaDroneTeleport,2!0,,,,,,,,,,,,,,,,,,,,,,,,,,,,,,,,,,,,,,,,,,,,,,,,,,,,
,,,,,,AlphaDrone_lv3_DrkNeb,,,,,,,,,,,,,2000,,,,,DeltaDroneBattery!DeltaDroneTeleport,3!0,,,,,,,,,,,,,,,,,,,,,,,,,,,,,,,,,,,,,,,,,,,,,,,,,,,,
,,,,,,AlphaDrone_lv3_DrkNeb,,,,,,,,,,,,,2000,,,,,DeltaDroneBattery!DeltaDroneTeleport,4!0,,,,,,,,,,,,,,,,,,,,,,,,,,,,,,,,,,,,,,,,,,,,,,,,,,,,
FlagshipDrone,TID_SHIP_ALPHA_DRONE,TID_SHIP_ALPHA_DRONE_DESCR,TID_SHIP_ALPHA_DRONE_DESCR,,portrait_AlphaDrone,AlphaDrone_lv1_DrkNeb,80,5,,1,1,0,Weapon!Support,0,0,,0,0,2000,,,,,Battery!Recoil,2!0,,,,,,,,525,437,350,227,40,,,,,,,,500,,,,,,,,,,,,,,,,,,,,,,,,,,,,,,,,
,,,,,,AlphaDrone_lv2_DrkNeb,,,,,,,,,,,,,2000,,,,,Battery!Recoil,3!0,,,,,,,,,,,,,,,,,,,,,,,,,,,,,,,,,,,,,,,,,,,,,,,,,,,,
,,,,,,AlphaDrone_lv3_DrkNeb,,,,,,,,,,,,,2000,,,,,Battery!Recoil,4!0,,,,,,,,,,,,,,,,,,,,,,,,,,,,,,,,,,,,,,,,,,,,,,,,,,,,
,,,,,,AlphaDrone_lv3_DrkNeb,,,,,,,,,,,,,2000,,,,,Battery!Recoil,5!0,,,,,,,,,,,,,,,,,,,,,,,,,,,,,,,,,,,,,,,,,,,,,,,,,,,,
,,,,,,AlphaDrone_lv3_DrkNeb,,,,,,,,,,,,,2000,,,,,Battery!Recoil,6!0,,,,,,,,,,,,,,,,,,,,,,,,,,,,,,,,,,,,,,,,,,,,,,,,,,,,
,,,,,,AlphaDrone_lv3_DrkNeb,,,,,,,,,,,,,2000,,,,,Battery!Recoil,7!0,,,,,,,,,,,,,,,,,,,,,,,,,,,,,,,,,,,,,,,,,,,,,,,,,,,,
,,,,,,AlphaDrone_lv3_DrkNeb,,,,,,,,,,,,,2000,,,,,Battery!Recoil,8!0,,,,,,,,,,,,,,,,,,,,,,,,,,,,,,,,,,,,,,,,,,,,,,,,,,,,
,,,,,,AlphaDrone_lv3_DrkNeb,,,,,,,,,,,,,2000,,,,,Battery!Recoil,9!0,,,,,,,,,,,,,,,,,,,,,,,,,,,,,,,,,,,,,,,,,,,,,,,,,,,,
,,,,,,AlphaDrone_lv3_DrkNeb,,,,,,,,,,,,,2000,,,,,Battery!Recoil,10!0,,,,,,,,,,,,,,,,,,,,,,,,,,,,,,,,,,,,,,,,,,,,,,,,,,,,
,,,,,,AlphaDrone_lv3_DrkNeb,,,,,,,,,,,,,2000,,,,,Battery!Recoil,11!0,,,,,,,,,,,,,,,,,,,,,,,,,,,,,,,,,,,,,,,,,,,,,,,,,,,,
,,,,,,AlphaDrone_lv3_DrkNeb,,,,,,,,,,,,,2000,,,,,Battery!Recoil,12!0,,,,,,,,,,,,,,,,,,,,,,,,,,,,,,,,,,,,,,,,,,,,,,,,,,,,
,,,,,,AlphaDrone_lv3_DrkNeb,,,,,,,,,,,,,2000,,,,,Battery!Recoil,13!0,,,,,,,,,,,,,,,,,,,,,,,,,,,,,,,,,,,,,,,,,,,,,,,,,,,,
,,,,,,AlphaDrone_lv3_DrkNeb,,,,,,,,,,,,,2000,,,,,Battery!Recoil,14!0,,,,,,,,,,,,,,,,,,,,,,,,,,,,,,,,,,,,,,,,,,,,,,,,,,,,
DarkSentinel,TID_SHIP_CERB_DARK_SENTINEL,TID_SHIP_CERB_FIGHTER_DESCR,TID_SHIP_CERB_FIGHTER_DESCR,,portrait_Sentinel,Fighter_DrkNeb_Cerberus2_lv1,95,4,,1,,0,Weapon,0,,,,0,1200,,,,,SentinelBattery,1,,,,,,,,150,125,100,65,40,,4,,,14,0,10,1500,,,,,,,,,,,,,,,,,,,,,3,,,,,,,,,,,
DarkGuardian,TID_SHIP_CERB_DARK_GUARDIAN,TID_SHIP_CERB_SECTOR_GUARDIAN_DESCR,TID_SHIP_CERB_SECTOR_GUARDIAN_DESCR,,portrait_Guardian,Fighter_DrkNeb_Cerberus1_lv1,100,3,,1,,0,Weapon,0,,,,0,8000,,,,,GuardianBattery,1,,,,,,,,165,137,110,71,40,,4,,,8,1,20,400,,,,,,,,,,,,,,,,,,,,,4,,,,,,,,,,,
DarkColossus,TID_SHIP_CERB_DARK_COLOSSUS,TID_SHIP_CERB_COLOSSUS_DESCR,TID_SHIP_CERB_COLOSSUS_DESCR,,portrait_CerberusColossus,Battleship_Cerberus_DrkNeb_lv1,95,2,,1,,0,Weapon!Support,0,,,,0,20000,,,,,ColossusLaser!ColossusSalvage,1!0,,,,,,,,180,150,120,78,40,,4,,,10,1,100,1200,,,,,,,,,,,,,,,,,,,,,5,,,,,,,,,,,
DarkInterceptor,TID_SHIP_CERB_DARK_INTERCEPTOR,TID_SHIP_CERB_INTERCEPTOR_DESCR,TID_SHIP_CERB_INTERCEPTOR_DESCR,,portrait_Interceptor,Fighter_Cerberus3_DrkNeb_lv1,105,2,,1,,0,Weapon,0,,,,0,9000,,,,,InterceptorMBattery,1,,,,,,,,480,400,320,208,40,,5,,,15,1,40,800,,,,,,,,,,,,,,,,,,,,,6,,,,,,,,,,,
DarkDestroyer,TID_SHIP_CERB_DARK_DESTROYER,TID_SHIP_CERB_DESTROYER_DESCR,TID_SHIP_CERB_DESTROYER_DESCR,,portrait_CerberusDestroyer,Cerberus_Destroyer_DrkNeb_lv1,100,3,,1,,0,Weapon!Support,0,,,,0,10000,,,,,DarkDestroyerPulse!DestroyerVengeance,0!1,,,,,,,,135,112,90,58,40,,6,55550,1,20,1,60,,,,,,,,,,,,,,,,,,,,,,7,,,,,,,,,,,
DarkBomber,TID_SHIP_CERBERUS_DARK_BOMBER,TID_SHIP_CERBERUS_BOMBER_DESCR,TID_SHIP_CERBERUS_BOMBER_DESCR,,portrait_CerberusBomber,Fighter_DrkNeb_Cerberus5_lv1,100,3,,1,,0,Weapon,0,,,,0,32000,,,,,BomberLauncher,1,,,,,,,,180,150,120,78,40,,11,,,2,1,120,1500,250,,,,,,,,,,,,,,,,,,,,13,,,,,,,,,,,
DarkPhoenix,TID_SHIP_CERBERUS_DARK_PHOENIX,TID_SHIP_CERB_PHOENIX_DESCR,TID_SHIP_CERB_PHOENIX_DESCR,,portrait_CerberusPhoenix,Fighter_DrkNeb_Cerberus4_lv1,100,3,,1,,0,Weapon!Shield,0,,,,0,50000,,,,,PhoenixDualLaser!PhoenixShield,1!1,,,,,,,,135,112,90,58,40,,7,,,10,1,120,1000,,,,,DarkSentinel,5,300,600,SentinelSpawn_Fx,,,,,,,,,,,,8,,,,,,,,,,,
TutorialSentinel,TID_SHIP_CERB_FIGHTER,TID_SHIP_CERB_FIGHTER_DESCR,TID_SHIP_CERB_FIGHTER_DESCR,,portrait_Sentinel,Fighter_DrkNeb_Cerberus2_lv1,95,4,,1,,0,Weapon,0,,,,0,600,,,,,SentinelBattery,0,,,,,,,,150,125,100,65,40,,4,,,14,0,10,1500,,,,,,,,,,,,,,,,,,,,11,,,,,,,,,,,,
DecoyDrone,TID_SHIP_DECOY_DRONE,TID_SHIP_DECOY_DRONE_DESCR,TID_SHIP_DECOY_DRONE_DESCR,,portrait_AlphaDrone,DecoyDrone_DrkNeb_lv1,80,5,-10,1,1,0,,,0,,0,0,500,,,,,,,,,,,,,,300,250,200,130,40,,,,,,,,500,,,,,,,,,,,,,,,,,,,,,,1,,,,,,,,,,
,,,,,,DecoyDrone_DrkNeb_lv1,,,-10,,,,,,,,,,600,,,,,,,,,,,,,,,,,,,,,,,,,,,,,,,,,,,,,,,,,,,,,,,,,,,,,,,,,,
,,,,,,DecoyDrone_DrkNeb_lv1,,,-10,,,,,,,,,,700,,,,,,,,,,,,,,,,,,,,,,,,,,,,,,,,,,,,,,,,,,,,,,,,,,,,,,,,,,
,,,,,,DecoyDrone_DrkNeb_lv2,,,,,,,,,,,,,800,,,,,,,,,,,,,,,,,,,,,,,,,,,,,,,,,,,,,,,,,,,,,,,,,,,,,,,,,,
,,,,,,DecoyDrone_DrkNeb_lv2,,,,,,,,,,,,,1000,,,,,,,,,,,,,,,,,,,,,,,,,,,,,,,,,,,,,,,,,,,,,,,,,,,,,,,,,,
,,,,,,DecoyDrone_DrkNeb_lv2,,,,,,,,,,,,,1200,,,,,,,,,,,,,,,,,,,,,,,,,,,,,,,,,,,,,,,,,,,,,,,,,,,,,,,,,,
,,,,,,DecoyDrone_DrkNeb_lv3,,,,,,,,,,,,,1400,,,,,,,,,,,,,,,,,,,,,,,,,,,,,,,,,,,,,,,,,,,,,,,,,,,,,,,,,,
,,,,,,DecoyDrone_DrkNeb_lv3,,,,,,,,,,,,,1600,,,,,,,,,,,,,,,,,,,,,,,,,,,,,,,,,,,,,,,,,,,,,,,,,,,,,,,,,,
,,,,,,DecoyDrone_DrkNeb_lv3,,,,,,,,,,,,,1800,,,,,,,,,,,,,,,,,,,,,,,,,,,,,,,,,,,,,,,,,,,,,,,,,,,,,,,,,,
,,,,,,DecoyDrone_DrkNeb_lv4,,,,,,,,,,,,,2100,,,,,,,,,,,,,,,,,,,,,,,,,,,,,,,,,,,,,,,,,,,,,,,,,,,,,,,,,,
,,,,,,DecoyDrone_DrkNeb_lv4,,,,,,,,,,,,,2400,,,,,,,,,,,,,,,,,,,,,,,,,,,,,,,,,,,,,,,,,,,,,,,,,,,,,,,,,,
,,,,,,DecoyDrone_DrkNeb_lv4,,,,,,,,,,,,,2700,,,,,,,,,,,,,,,,,,,,,,,,,,,,,,,,,,,,,,,,,,,,,,,,,,,,,,,,,,
,,,,,,DecoyDrone_DrkNeb_lv5,,,,,,,,,,,,,3100,,,,,,,,,,,,,,,,,,,,,,,,,,,,,,,,,,,,,,,,,,,,,,,,,,,,,,,,,,
,,,,,,DecoyDrone_DrkNeb_lv5,,,,,,,,,,,,,3500,,,,,,,,,,,,,,,,,,,,,,,,,,,,,,,,,,,,,,,,,,,,,,,,,,,,,,,,,,
,,,,,,DecoyDrone_DrkNeb_lv5,,,,,,,,,,,,,4000,,,,,,,,,,,,,,,,,,,,,,,,,,,,,,,,,,,,,,,,,,,,,,,,,,,,,,,,,,
RepairDrone,TID_SHIP_REPAIR_DRONE,TID_SHIP_REPAIR_DRONE_DESCR,TID_SHIP_DECOY_DRONE_DESCR,,portrait_AlphaDrone,RepairDrone_DrkNeb_lv1,80,5,,1,1,0,,,0,,0,0,1000,,,,,,,,,,,,,,300,250,200,130,40,,,,,,,,,,,,,,,,,,,,,,,,,,,,,,,3,450,1800,450,1800,1000,,,,
,,,,,,RepairDrone_DrkNeb_lv1,,,,,,,,,,,,,1000,,,,,,,,,,,,,,,,,,,,,,,,,,,,,,,,,,,,,,,,,,,,,,,,,,500,2000,500,2000,,,,,
,,,,,,RepairDrone_DrkNeb_lv2,,,,,,,,,,,,,1000,,,,,,,,,,,,,,,,,,,,,,,,,,,,,,,,,,,,,,,,,,,,,,,,,,550,2200,550,2200,,,,,
,,,,,,RepairDrone_DrkNeb_lv2,,,,,,,,,,,,,1000,,,,,,,,,,,,,,,,,,,,,,,,,,,,,,,,,,,,,,,,,,,,,,,,,,600,2400,600,2400,,,,,
,,,,,,RepairDrone_DrkNeb_lv2,,,,,,,,,,,,,1000,,,,,,,,,,,,,,,,,,,,,,,,,,,,,,,,,,,,,,,,,,,,,,,,,,650,2600,650,2600,,,,,
,,,,,,RepairDrone_DrkNeb_lv2,,,,,,,,,,,,,1000,,,,,,,,,,,,,,,,,,,,,,,,,,,,,,,,,,,,,,,,,,,,,,,,,,700,2800,700,2800,,,,,
,,,,,,RepairDrone_DrkNeb_lv3,,,,,,,,,,,,,1000,,,,,,,,,,,,,,,,,,,,,,,,,,,,,,,,,,,,,,,,,,,,,,,,,,750,3000,750,3000,,,,,
,,,,,,RepairDrone_DrkNeb_lv3,,,,,,,,,,,,,1000,,,,,,,,,,,,,,,,,,,,,,,,,,,,,,,,,,,,,,,,,,,,,,,,,,800,3200,800,3200,,,,,
,,,,,,RepairDrone_DrkNeb_lv3,,,,,,,,,,,,,1000,,,,,,,,,,,,,,,,,,,,,,,,,,,,,,,,,,,,,,,,,,,,,,,,,,900,3600,900,3600,,,,,
,,,,,,RepairDrone_DrkNeb_lv3,,,,,,,,,,,,,1000,,,,,,,,,,,,,,,,,,,,,,,,,,,,,,,,,,,,,,,,,,,,,,,,,,1000,4000,1000,4000,,,,,
,,,,,,RepairDrone_DrkNeb_lv4,,,,,,,,,,,,,1000,,,,,,,,,,,,,,,,,,,,,,,,,,,,,,,,,,,,,,,,,,,,,,,,,,1125,4500,1125,4500,,,,,
,,,,,,RepairDrone_DrkNeb_lv4,,,,,,,,,,,,,1000,,,,,,,,,,,,,,,,,,,,,,,,,,,,,,,,,,,,,,,,,,,,,,,,,,1250,5000,1250,5000,,,,,
,,,,,,RepairDrone_DrkNeb_lv4,,,,,,,,,,,,,1000,,,,,,,,,,,,,,,,,,,,,,,,,,,,,,,,,,,,,,,,,,,,,,,,,,1375,5500,1375,5500,,,,,
,,,,,,RepairDrone_DrkNeb_lv4,,,,,,,,,,,,,1000,,,,,,,,,,,,,,,,,,,,,,,,,,,,,,,,,,,,,,,,,,,,,,,,,,1550,6200,1550,6200,,,,,
,,,,,,RepairDrone_DrkNeb_lv5,,,,,,,,,,,,,1000,,,,,,,,,,,,,,,,,,,,,,,,,,,,,,,,,,,,,,,,,,,,,,,,,,1750,7000,1750,7000,,,,,
RocketDrone,TID_MODULE_ROCKETDRONE,TID_SHIP_ROCKET_DRONE_DESCR,TID_SHIP_ROCKET_DRONE_DESCR,,portrait_AlphaDrone,AlphaDrone_lv1_DrkNeb,100,5,,1,1,0,Weapon,,,,,,300,,,,,DroneRocketLauncher,0,,,,,,,,150,150,150,150,40,,,,,,,,,,,,,,,,,,,,,,,,,,,,,,,,,,,,,,,,
,,,,,,AlphaDrone_lv2_DrkNeb,,,,,,,,,,,,,300,,,,,DroneRocketLauncher,1,,,,,,,,,,,,,,,,,,,,,,,,,,,,,,,,,,,,,,,,,,,,,,,,,,,,
,,,,,,AlphaDrone_lv3_DrkNeb,,,,,,,,,,,,,300,,,,,DroneRocketLauncher,2,,,,,,,,,,,,,,,,,,,,,,,,,,,,,,,,,,,,,,,,,,,,,,,,,,,,
,,,,,,AlphaDrone_lv3_DrkNeb,,,,,,,,,,,,,300,,,,,DroneRocketLauncher,3,,,,,,,,,,,,,,,,,,,,,,,,,,,,,,,,,,,,,,,,,,,,,,,,,,,,
,,,,,,AlphaDrone_lv3_DrkNeb,,,,,,,,,,,,,300,,,,,DroneRocketLauncher,4,,,,,,,,,,,,,,,,,,,,,,,,,,,,,,,,,,,,,,,,,,,,,,,,,,,,
,,,,,,AlphaDrone_lv3_DrkNeb,,,,,,,,,,,,,300,,,,,DroneRocketLauncher,5,,,,,,,,,,,,,,,,,,,,,,,,,,,,,,,,,,,,,,,,,,,,,,,,,,,,
,,,,,,AlphaDrone_lv3_DrkNeb,,,,,,,,,,,,,300,,,,,DroneRocketLauncher,6,,,,,,,,,,,,,,,,,,,,,,,,,,,,,,,,,,,,,,,,,,,,,,,,,,,,
,,,,,,AlphaDrone_lv3_DrkNeb,,,,,,,,,,,,,300,,,,,DroneRocketLauncher,7,,,,,,,,,,,,,,,,,,,,,,,,,,,,,,,,,,,,,,,,,,,,,,,,,,,,
,,,,,,AlphaDrone_lv3_DrkNeb,,,,,,,,,,,,,300,,,,,DroneRocketLauncher,8,,,,,,,,,,,,,,,,,,,,,,,,,,,,,,,,,,,,,,,,,,,,,,,,,,,,
,,,,,,AlphaDrone_lv3_DrkNeb,,,,,,,,,,,,,300,,,,,DroneRocketLauncher,9,,,,,,,,,,,,,,,,,,,,,,,,,,,,,,,,,,,,,,,,,,,,,,,,,,,,
,,,,,,AlphaDrone_lv3_DrkNeb,,,,,,,,,,,,,300,,,,,DroneRocketLauncher,10,,,,,,,,,,,,,,,,,,,,,,,,,,,,,,,,,,,,,,,,,,,,,,,,,,,,
,,,,,,AlphaDrone_lv3_DrkNeb,,,,,,,,,,,,,300,,,,,DroneRocketLauncher,11,,,,,,,,,,,,,,,,,,,,,,,,,,,,,,,,,,,,,,,,,,,,,,,,,,,,
,,,,,,AlphaDrone_lv3_DrkNeb,,,,,,,,,,,,,300,,,,,DroneRocketLauncher,12,,,,,,,,,,,,,,,,,,,,,,,,,,,,,,,,,,,,,,,,,,,,,,,,,,,,
,,,,,,AlphaDrone_lv3_DrkNeb,,,,,,,,,,,,,300,,,,,DroneRocketLauncher,13,,,,,,,,,,,,,,,,,,,,,,,,,,,,,,,,,,,,,,,,,,,,,,,,,,,,
,,,,,,AlphaDrone_lv3_DrkNeb,,,,,,,,,,,,,300,,,,,DroneRocketLauncher,14,,,,,,,,,,,,,,,,,,,,,,,,,,,,,,,,,,,,,,,,,,,,,,,,,,,,
DarkCarrier,TID_SHIP_CERB_CARRIER,TID_SHIP_CERB_CARRIER_DESCR,TID_SHIP_CERB_CARRIER_DESCR,,portrait_CerberusCarrier,Cerberus_DrkNeb_Carrier,100,0,,1,,0,Support,0,,,,0,100000,,,,,CarrierTeleport,0,,,,,,,,150,125,100,65,40,,15,,,5,,150,,,160,CerberusSentinel,6,,,,,SentinelSpawn_Fx,,,,,1600,,,,,8,,26,,,,,,,,,,,
DarkGhosts,TID_SHIP_CERB_GHOSTS,TID_SHIP_CERB_GHOSTS_DESCR,TID_SHIP_CERB_GHOSTS_DESCR,,portrait_CerberusSwarm,Cerberus_DrkNeb_Swarm_lv1,100,3,,1,,0,Weapon,0,,,,0,300,,,,,GhostBattery,1,,,,,,,,390,325,260,169,40,,16,,,6,,1,,,,,,,,,,SentinelSpawn_Fx,,,,,,,,,,,,16,,,,,,,,,,,
DarkHydraling2,TID_SHIP_CERB_HYDRA_2,TID_SHIP_CERB_HYDRA_2_DESCR,TID_SHIP_CERB_HYDRA_2_DESCR,,portrait_CerberusHydra,Battleship_CerberusHydraling2_DrkNeb,150,1,,1,,0,Weapon,0,,,,,10000,,,,,HydraBarrage,0,,,,,,,,300,250,200,130,40,,4,,,20,1,50,,,,,,,,,,,,,,90,,,,,,,,18,,,,,,,,,,,
DarkHydraling1,TID_SHIP_CERB_HYDRA_1,TID_SHIP_CERB_HYDRA_1_DESCR,TID_SHIP_CERB_HYDRA_1_DESCR,,portrait_CerberusHydra,Battleship_CerberusHydraling1_DrkNeb,150,1,,1,,0,Weapon,0,,,,,20000,,,,,HydraBarrage,1,,,,,,,,300,250,200,130,40,,4,,,20,1,50,,,,,,Hydraling2,2,300,600,SentinelSpawn_Fx,,,,90,,,,,,,,19,,,,,,,,,,,
DarkHydra,TID_SHIP_CERB_HYDRA,TID_SHIP_CERB_HYDRA_DESCR,TID_SHIP_CERB_HYDRA_DESCR,,portrait_CerberusHydra,Battleship_CerberusHydra_DrkNeb,120,0,,1,,0,Weapon,0,,,,0,60000,,,,,HydraBarrage,2,,,,,,,,240,200,160,104,40,,4,,,20,1,100,,,,,,Hydraling1,2,300,600,SentinelSpawn_Fx,,,,90,,,,,,,,20,,,,,,,,,,,
DarkStorm,TID_SHIP_STORM,TID_SHIP_STORM_DESCR,TID_SHIP_STORM_DESCR,,portrait_CerberusStorm,Fighter_DrkNeb_Cerberus6_lv1,100,3,,1,,0,Weapon,0,,,,0,30000,,,,,StormDarts,1,,,,,,,,6,6,6,6,40,,13,,,,,100,,,,,,,,,,,,,,,1600,,,,,,,15,,,,,,,,,,,
CerbDrone,TID_SHIP_CERB_DRONE,TID_SHIP_CERB_DRONE_DESCR,TID_SHIP_CERB_DRONE_DESCR,,portrait_Guardian,Fighter_DrkNeb_Cerberus1_lv1,80,3,,1,1,0,Weapon,0,,,,0,5000,,,,,CerbDroneBattery,0,,,,,,,,165,137,110,71,40,,4,,,8,1,20,400,,,,,,,,,,,,,,,,,,,,,,,,,,,,,,,,
,,,,,,Fighter_DrkNeb_Cerberus1_lv1,,,,,,,,,,,,,5500,,,,,CerbDroneBattery,1,,,,,,,,,,,,,,,,,,,,,,,,,,,,,,,,,,,,,,,,,,,,,,,,,,,,
,,,,,,Fighter_DrkNeb_Cerberus1_lv1,,,,,,,,,,,,,6000,,,,,CerbDroneBattery,2,,,,,,,,,,,,,,,,,,,,,,,,,,,,,,,,,,,,,,,,,,,,,,,,,,,,
,,,,,,Fighter_DrkNeb_Cerberus1_lv1,,,,,,,,,,,,,7000,,,,,CerbDroneBattery,3,,,,,,,,,,,,,,,,,,,,,,,,,,,,,,,,,,,,,,,,,,,,,,,,,,,,
,,,,,,Fighter_DrkNeb_Cerberus1_lv1,,,,,,,,,,,,,8000,,,,,CerbDroneBattery,4,,,,,,,,,,,,,,,,,,,,,,,,,,,,,,,,,,,,,,,,,,,,,,,,,,,,
,,,,,,Fighter_DrkNeb_Cerberus1_lv1,,,,,,,,,,,,,10000,,,,,CerbDroneBattery,5,,,,,,,,,,,,,,,,,,,,,,,,,,,,,,,,,,,,,,,,,,,,,,,,,,,,
,,,,,,Fighter_DrkNeb_Cerberus1_lv1,,,,,,,,,,,,,12000,,,,,CerbDroneBattery,6,,,,,,,,,,,,,,,,,,,,,,,,,,,,,,,,,,,,,,,,,,,,,,,,,,,,
,,,,,,Fighter_DrkNeb_Cerberus1_lv1,,,,,,,,,,,,,14000,,,,,CerbDroneBattery,7,,,,,,,,,,,,,,,,,,,,,,,,,,,,,,,,,,,,,,,,,,,,,,,,,,,,
,,,,,,Fighter_DrkNeb_Cerberus1_lv1,,,,,,,,,,,,,16000,,,,,CerbDroneBattery,8,,,,,,,,,,,,,,,,,,,,,,,,,,,,,,,,,,,,,,,,,,,,,,,,,,,,
,,,,,,Fighter_DrkNeb_Cerberus1_lv1,,,,,,,,,,,,,20000,,,,,CerbDroneBattery,9,,,,,,,,,,,,,,,,,,,,,,,,,,,,,,,,,,,,,,,,,,,,,,,,,,,,
