Name,TID,TID_Description,TID_HINT,TutorialIdx,GuidanceCode,Weight,GroupId,GoalType,AppearsOnceOnly,TimeLimitHr,TimeLimitMin,ModuleReq,MinRSLevel,MaxRSLevel,MinPlayerLevel,MaxPlayerLevel,MinInfluence,MaxInfluence,PickRandomBLSModule,PickRandomBLSWinModule,GoalTarget,IntParam,StringParam,XPReward,CRReward,FuelReward,CrystalReward
TUT_ExpandSector,TID_TUT_REVEAL_SECTOR,TID_TUT_REVEAL_SECTOR_INFO,,2,1,,,Tut_ExpandToNewSector,,0,,,,4,,,,,,,,,,,3500,100,
TUT_DoShipments,TID_OBJ_DELIVER_SHIPMENTS,TID_OBJ_DELIVER_SHIPMENTS_DESCR,,1,2,,,Tut_DoShipments,,0,,,,4,,,,,,,2,,,,100,50,
TUT_DoRedStar,TID_OBJECTIVE_RS_TITLE,TID_OBJECTIVE_RS_MSG,,3,3,,,Tut_DoRedStar,,0,,,,4,,,,,,,,,,,4000,250,
TUT_DoResearch,TID_OBJECTIVE_DO_RESEARCH,TID_OBJECTIVE_DO_RESEARCH_DESCR,,4,4,,,Tut_DoResearch,,0,,,,4,,,,,,,,,,,1500,100,
TUT_InstallModule,TID_OBJECTIVE_DO_INSTALL_MODULE,TID_OBJECTIVE_DO_INSTALL_MODULE_DESCR,,5,5,,,Tut_DoInstallModule,,0,,,,4,,,,,,,2,0,,,2500,100,
PT_UpgradeShipyard,TID_TUT_UPGRADE_SHIPYARD,TID_TUT_UPGRADE_SHIPYARD_DESCR,TID_OBJECTIVE_UPGRADE_SHIPYARD_HINT,,,10009,11,UpgradeBuilding,1,0,1,,,4,,,,,,,2,,Shipyard,40,2000,0,
PT_UpgradePlanets,TID_PT_UPGRADE_PLANETS,TID_PT_UPGRADE_PLANETS_DESCR,,,100,10000,20,UpgradeAllPlanets,1,0,1,,,4,,,,,,,4,3,,40,1000,100,
PT_EarnShipmentCredits,TID_OBJ_EARN_CREDITS,TID_OBJ_EARN_CREDITS_DESCR,,,2,10001,8,EarnShipmentCredits,1,0,2,,,4,,9,,,,,500,,,40,1500,200,
PT_FillResearchStation,TID_PT_FILL_RESEARCH,TID_PT_FILL_RESEARCH_DESCR_PARTIAL,,,101,10003,12,FillResearchStation,1,0,5,,,4,,9,,,,,,1,,40,2000,100,
PT_InstallLaser,TID_OBJ_INSTALL_MODULE,TID_OBJ_INSTALL_MODULE_DESCR,,,5,10002,15,Tut_DoInstallModule,1,0,2,,,4,,9,,,,,1,14,,40,1000,0,
EG_UpgradePlanet1,TID_OBJECTIVE_UPGRADE_PLANET,TID_OBJECTIVE_UPGRADE_PLANET_DESCR,TID_OBJECTIVE_UPGRADE_PLANET_HINT,,,0,20,UpgradePlanetToLevel,,0,20,,,4,,5,,,,,6,,1!5,20,2000,25,
EG_UpgradePlanet2,TID_OBJECTIVE_UPGRADE_PLANET,TID_OBJECTIVE_UPGRADE_PLANET_DESCR,TID_OBJECTIVE_UPGRADE_PLANET_HINT,,,0,20,UpgradePlanetToLevel,,,30,,,4,6,8,,,,,7,,1!6,40,2500,50,
EG_UpgradePlanet3,TID_OBJECTIVE_UPGRADE_PLANET,TID_OBJECTIVE_UPGRADE_PLANET_DESCR,TID_OBJECTIVE_UPGRADE_PLANET_HINT,,,0,20,UpgradePlanetToLevel,,1,,,,4,9,11,,,,,8,,1!7,80,3000,100,
EG_UpgradePlanet4,TID_OBJECTIVE_UPGRADE_PLANET,TID_OBJECTIVE_UPGRADE_PLANET_DESCR,TID_OBJECTIVE_UPGRADE_PLANET_HINT,,,0,20,UpgradePlanetToLevel,,1,,,,4,12,15,,,,,9,,1!8,140,3500,150,
PT_UpgradeToRS2,TID_OBJECTIVE_UPGRADE_TO_RS,TID_OBJECTIVE_UPGRADE_TO_RS_DESCR,,,103,10010,1,UpgradeToRSLevel,1,0,3,,,4,,,0,,,,2,,,80,0,0,20
EG_UpgradeToRS3,TID_OBJECTIVE_UPGRADE_TO_RS,TID_OBJECTIVE_UPGRADE_TO_RS_DESCR,TID_OBJECTIVE_UPGRADE_TO_RS_HINT,,,1000,1,UpgradeToRSLevel,,4,,,,4,,,450,,,,3,,,200,0,0,30
EG_GainInfluence1,TID_OBJECTIVE_GAIN_INFLUENCE,TID_OBJECTIVE_GAIN_INFLUENCE_DESCR,TID_OBJECTIVE_GAIN_INFLUENCE_HINT,,,0,2,GainInfluence,,0,15,,,4,,15,,99,,,30,,,40,5000,25,
EG_GainInfluence2,TID_OBJECTIVE_GAIN_INFLUENCE,TID_OBJECTIVE_GAIN_INFLUENCE_DESCR,TID_OBJECTIVE_GAIN_INFLUENCE_HINT,,,0,2,GainInfluence,,,15,,,4,,15,100,249,,,60,,,80,7000,50,
EG_GainInfluence3,TID_OBJECTIVE_GAIN_INFLUENCE,TID_OBJECTIVE_GAIN_INFLUENCE_DESCR,TID_OBJECTIVE_GAIN_INFLUENCE_HINT,,,0,2,GainInfluence,,,15,,2,4,,15,250,399,,,80,,,150,10000,75,
EG_GainInfluence4,TID_OBJECTIVE_GAIN_INFLUENCE,TID_OBJECTIVE_GAIN_INFLUENCE_DESCR,TID_OBJECTIVE_GAIN_INFLUENCE_HINT,,,0,2,GainInfluence,,,15,,2,4,,15,400,500,,,120,,,200,12500,100,
EG_GainInfluence5,TID_OBJECTIVE_GAIN_INFLUENCE,TID_OBJECTIVE_GAIN_INFLUENCE_DESCR,TID_OBJECTIVE_GAIN_INFLUENCE_HINT,,,0,2,GainInfluence,,,15,,2,4,,15,501,,,,150,,,300,15000,150,
EG_JoinCorp,TID_OBJ_JOIN_CORP,TID_OBJ_JOIN_CORP_DESCR,TID_OBJ_JOIN_CORP_HINT,,,100,3,JoinCorp,1,,1,,,4,5,,250,,,,,,,80,0,0,50
EG_Salvage1,TID_OBJ_SALVAGE_ARTIFACTS,TID_OBJ_SALVAGE_ARTIFACTS_DESCR,TID_OBJ_SALVAGE_HINT,,,0,4,SalvageArtifacts,,,10,,,1,,15,,,,,3,,1!1,80,1500,100,
EG_Salvage2,TID_OBJ_SALVAGE_ARTIFACTS,TID_OBJ_SALVAGE_ARTIFACTS_DESCR,TID_OBJ_SALVAGE_HINT,,,0,4,SalvageArtifacts,,,10,,2,2,,15,,,,,5,,2!2,200,4000,300,
EG_Research1,TID_OBJ_RESEARCH_ARTIFACTS,TID_OBJ_RESEARCH_ARTIFACTS_DESCR,TID_OBJ_RESEARCH_HINT,,,0,4,ResearchArtifacts,,,15,,,1,,15,,,,,2,,1!1,80,2000,100,
EG_Research2,TID_OBJ_RESEARCH_ARTIFACTS,TID_OBJ_RESEARCH_ARTIFACTS_DESCR,TID_OBJ_RESEARCH_HINT,,,0,4,ResearchArtifacts,,,15,,2,2,,15,,,,,4,,2!2,200,3000,200,
EG_Mine1,TID_OBJ_MINE,TID_OBJ_MINE_DESC,TID_OBJ_MINE_HINT,,,0,6,MineHydrogen,,1,,,,4,8,11,,,,,150,5,,80,1500,200,
EG_Mine2,TID_OBJ_MINE,TID_OBJ_MINE_DESC,TID_OBJ_MINE_HINT,,,0,6,MineHydrogen,,1,,,,4,12,15,,,,,400,7,,200,2000,400,
EG_UpgradeMiners,TID_OBJ_UPGRADE_MINER,TID_OBJ_UPGRADE_MINER_DESCR,,,,500,7,UpgradeShip,,4,,,,4,8,,,,,,2,,Miner,300,2500,,
EG_Shipments1,TID_OBJ_DELIVER_SHIPMENTS,TID_OBJ_DELIVER_SHIPMENTS_DESCR,TID_OBJ_SHIPMENTS_HINT,,,,8,Tut_DoShipments,,,10,,,4,,9,,,,,10,,,80,2000,250,
EG_Shipments2,TID_OBJ_DELIVER_SHIPMENTS,TID_OBJ_DELIVER_SHIPMENTS_DESCR,TID_OBJ_SHIPMENTS_HINT,,,,8,Tut_DoShipments,,,20,,,4,10,,,,,,20,,,200,5000,500,
EG_UnlockSector1,TID_OBJ_REVEAL_SECTOR,TID_OBJ_REVEAL_SECTOR_DESCR,TID_OBJ_REVEAL_SECTOR_HINT,,,150,9,UnlockSector,,,10,,,4,,7,,,,,,3,,150,1500,200,
EG_UnlockSector2,TID_OBJ_REVEAL_SECTOR,TID_OBJ_REVEAL_SECTOR_DESCR,TID_OBJ_REVEAL_SECTOR_HINT,,,,9,UnlockSector,,1,,,,4,7,,,,,,,5,,300,5000,350,
EG_DestroyCerberus1,TID_OBJ_CLEAR_CERB_HOME_STAR,TID_OBJ_CLEAR_CERB_HOME_STAR_DESCR,TID_OBJ_CLEAR_CERB_HOME_STAR_HINT,,,,10,DestroyCerberusInHomeStar,,1,,,,4,,9,,,,,,1,,80,3000,200,
EG_DestroyCerberus2,TID_OBJ_CLEAR_CERB_HOME_STAR,TID_OBJ_CLEAR_CERB_HOME_STAR_DESCR,TID_OBJ_CLEAR_CERB_HOME_STAR_HINT,,,,10,DestroyCerberusInHomeStar,,1,,,,4,10,,,,,,,3,,150,6000,350,
EG_ConstructSecondSRS,TID_CONSTRUCT_SPACE_STATION,TID_OBJ_SECOND_SRS_DESCR,TID_OBJ_SECOND_SRS_HINT,,,1000,13,ConstructSecondSRS,,1,,,,4,5,20,,,,,,,,150,10000,250,
EG_BuildTimeModulator,TID_CONSTRUCT_SPACE_STATION,TID_OBJ_BUILD_TIME_MODULATOR_DESCR,TID_OBJ_BUILD_TIME_MODULATOR_HINT,,,0,14,ConstructTimeModulator,1,,30,,,4,8,,,,,,,,,300,,,20
SalvageArtifacts,TID_OBJ_SALVAGE_ARTIFACTS,TID_OBJ_SALVAGE_ARTIFACTS_DESCR,,,,100,1000,SalvageArtifacts,,12,,,5,5,,,,,,,2,,2!2,500,20000,,
,,,,,,,,,,,,,5,5,,,,,,,4,,2!2,,25000,,
,,,,,,,,,,,,,5,6,,,,,,,4,,3!3,,30000,,
,,,,,,,,,,,,,5,6,,,,,,,4,,3!3,,35000,,
,,,,,,,,,,,,,5,6,,,,,,,4,,4!4,,40000,,
,,,,,,,,,,,,,5,7,,,,,,,4,,4!4,,45000,,
,,,,,,,,,,,,,5,7,,,,,,,4,,4!4,,50000,,
,,,,,,,,,,,,,5,,,,,,,,4,,4!4,,60000,,
,,,,,,,,,,,,,5,,,,,,,,4,,5!5,,70000,,
,,,,,,,,,,,,,6,,,,,,,,4,,6!6,,80000,,
,,,,,,,,,,,,,6,,,,,,,,4,,6!6,,90000,,
,,,,,,,,,,,,,7,,,,,,,,4,,6!6,,100000,,
,,,,,,,,,,,,,7,,,,,,,,5,,6!6,,110000,,
,,,,,,,,,,,,,7,,,,,,,,5,,6!6,,120000,,
,,,,,,,,,,,,,8,,,,,,,,6,,6!6,,130000,,
,,,,,,,,,,,,,8,,,,,,,,4,,7!7,,140000,,
,,,,,,,,,,,,,8,,,,,,,,4,,7!7,,150000,,
,,,,,,,,,,,,,8,,,,,,,,5,,7!7,,160000,,
,,,,,,,,,,,,,8,,,,,,,,5,,7!7,,170000,,
,,,,,,,,,,,,,8,,,,,,,,6,,7!7,,180000,,
DestroySentinels,TID_OBJ_DESTROY_CERBERUS,TID_OBJ_DESTROY_CERBERUS_DESCR,,,,100,2000,DestroyCerberusShips,,12,,,5,5,,,,,,,3,,CerberusSentinel,500,20000,,
,,,,,,,,,,,,,5,5,,,,,,,4,,,,25000,,
,,,,,,,,,,,,,5,6,,,,,,,5,,,,30000,,
,,,,,,,,,,,,,5,6,,,,,,,6,,,,35000,,
,,,,,,,,,,,,,5,6,,,,,,,7,,,,40000,,
,,,,,,,,,,,,,5,7,,,,,,,8,,,,45000,,
,,,,,,,,,,,,,5,7,,,,,,,9,,,,50000,,
,,,,,,,,,,,,,5,,,,,,,,10,,,,60000,,
,,,,,,,,,,,,,5,,,,,,,,11,,,,70000,,
,,,,,,,,,,,,,5,,,,,,,,12,,,,80000,,
,,,,,,,,,,,,,5,,,,,,,,13,,,,90000,,
,,,,,,,,,,,,,5,,,,,,,,14,,,,100000,,
,,,,,,,,,,,,,5,,,,,,,,15,,,,110000,,
,,,,,,,,,,,,,5,,,,,,,,16,,,,120000,,
,,,,,,,,,,,,,5,,,,,,,,17,,,,130000,,
,,,,,,,,,,,,,5,,,,,,,,18,,,,140000,,
,,,,,,,,,,,,,5,,,,,,,,19,,,,150000,,
,,,,,,,,,,,,,5,,,,,,,,20,,,,160000,,
,,,,,,,,,,,,,5,,,,,,,,21,,,,170000,,
,,,,,,,,,,,,,5,,,,,,,,22,,,,180000,,
DestroyGuardians,TID_OBJ_DESTROY_CERBERUS,TID_OBJ_DESTROY_CERBERUS_DESCR,,,,100,2000,DestroyCerberusShips,,12,,,5,5,,,,,,,2,,CerberusGuardian,500,20000,,
,,,,,,,,,,,,,5,5,,,,,,,3,,,,25000,,
,,,,,,,,,,,,,5,6,,,,,,,4,,,,30000,,
,,,,,,,,,,,,,5,6,,,,,,,5,,,,35000,,
,,,,,,,,,,,,,5,6,,,,,,,6,,,,40000,,
,,,,,,,,,,,,,5,7,,,,,,,7,,,,45000,,
,,,,,,,,,,,,,5,7,,,,,,,8,,,,50000,,
,,,,,,,,,,,,,5,,,,,,,,9,,,,60000,,
,,,,,,,,,,,,,5,,,,,,,,10,,,,70000,,
,,,,,,,,,,,,,5,,,,,,,,10,,,,80000,,
,,,,,,,,,,,,,5,,,,,,,,11,,,,90000,,
,,,,,,,,,,,,,5,,,,,,,,11,,,,100000,,
,,,,,,,,,,,,,5,,,,,,,,12,,,,110000,,
,,,,,,,,,,,,,5,,,,,,,,12,,,,120000,,
,,,,,,,,,,,,,5,,,,,,,,13,,,,130000,,
,,,,,,,,,,,,,5,,,,,,,,13,,,,140000,,
,,,,,,,,,,,,,5,,,,,,,,14,,,,150000,,
,,,,,,,,,,,,,5,,,,,,,,14,,,,160000,,
,,,,,,,,,,,,,5,,,,,,,,15,,,,170000,,
,,,,,,,,,,,,,5,,,,,,,,15,,,,180000,,
DestroyColossus,TID_OBJ_DESTROY_CERBERUS,TID_OBJ_DESTROY_CERBERUS_DESCR,,,,100,2000,DestroyCerberusShips,,12,,,5,5,,,,,,,1,,CerberusColossus,500,20000,,
,,,,,,,,,,,,,5,5,,,,,,,1,,,,25000,,
,,,,,,,,,,,,,5,6,,,,,,,2,,,,30000,,
,,,,,,,,,,,,,5,6,,,,,,,2,,,,35000,,
,,,,,,,,,,,,,5,6,,,,,,,3,,,,40000,,
,,,,,,,,,,,,,5,7,,,,,,,3,,,,45000,,
,,,,,,,,,,,,,5,7,,,,,,,3,,,,50000,,
,,,,,,,,,,,,,5,,,,,,,,3,,,,60000,,
,,,,,,,,,,,,,5,,,,,,,,4,,,,70000,,
,,,,,,,,,,,,,5,,,,,,,,4,,,,80000,,
,,,,,,,,,,,,,5,,,,,,,,4,,,,90000,,
,,,,,,,,,,,,,5,,,,,,,,4,,,,100000,,
,,,,,,,,,,,,,5,,,,,,,,5,,,,110000,,
,,,,,,,,,,,,,5,,,,,,,,5,,,,120000,,
,,,,,,,,,,,,,5,,,,,,,,5,,,,130000,,
,,,,,,,,,,,,,5,,,,,,,,5,,,,140000,,
,,,,,,,,,,,,,5,,,,,,,,6,,,,150000,,
,,,,,,,,,,,,,5,,,,,,,,6,,,,160000,,
,,,,,,,,,,,,,5,,,,,,,,6,,,,170000,,
,,,,,,,,,,,,,5,,,,,,,,6,,,,180000,,
DestroyInterceptor,TID_OBJ_DESTROY_CERBERUS,TID_OBJ_DESTROY_CERBERUS_DESCR,,,,100,2000,DestroyCerberusShips,,12,,,5,5,,,,,,,1,,CerberusInterceptor,500,20000,,
,,,,,,,,,,,,,5,5,,,,,,,2,,,,25000,,
,,,,,,,,,,,,,5,6,,,,,,,3,,,,30000,,
,,,,,,,,,,,,,5,6,,,,,,,4,,,,35000,,
,,,,,,,,,,,,,5,6,,,,,,,5,,,,40000,,
,,,,,,,,,,,,,5,7,,,,,,,6,,,,45000,,
,,,,,,,,,,,,,5,7,,,,,,,7,,,,50000,,
,,,,,,,,,,,,,5,,,,,,,,8,,,,60000,,
,,,,,,,,,,,,,5,,,,,,,,8,,,,70000,,
,,,,,,,,,,,,,5,,,,,,,,9,,,,80000,,
,,,,,,,,,,,,,5,,,,,,,,9,,,,90000,,
,,,,,,,,,,,,,5,,,,,,,,10,,,,100000,,
,,,,,,,,,,,,,5,,,,,,,,10,,,,110000,,
,,,,,,,,,,,,,5,,,,,,,,11,,,,120000,,
,,,,,,,,,,,,,5,,,,,,,,11,,,,130000,,
,,,,,,,,,,,,,5,,,,,,,,12,,,,140000,,
,,,,,,,,,,,,,5,,,,,,,,12,,,,150000,,
,,,,,,,,,,,,,5,,,,,,,,13,,,,160000,,
,,,,,,,,,,,,,5,,,,,,,,13,,,,170000,,
,,,,,,,,,,,,,5,,,,,,,,13,,,,180000,,
DestroyPhoenix,TID_OBJ_DESTROY_CERBERUS,TID_OBJ_DESTROY_CERBERUS_DESCR,,,,100,2000,DestroyCerberusShips,,12,,,8,8,,,,,,,1,,CerberusPhoenix,500,80000,,
,,,,,,,,,,,,,8,8,,,,,,,2,,,,90000,,
,,,,,,,,,,,,,8,8,,,,,,,3,,,,100000,,
,,,,,,,,,,,,,8,8,,,,,,,4,,,,110000,,
,,,,,,,,,,,,,8,,,,,,,,4,,,,120000,,
,,,,,,,,,,,,,8,,,,,,,,5,,,,130000,,
,,,,,,,,,,,,,8,,,,,,,,5,,,,140000,,
,,,,,,,,,,,,,8,,,,,,,,6,,,,150000,,
,,,,,,,,,,,,,8,,,,,,,,6,,,,160000,,
,,,,,,,,,,,,,8,,,,,,,,7,,,,170000,,
,,,,,,,,,,,,,8,,,,,,,,7,,,,180000,,
,,,,,,,,,,,,,8,,,,,,,,8,,,,190000,,
,,,,,,,,,,,,,8,,,,,,,,8,,,,200000,,
ReachInfluence,TID_OBJECTIVE_GAIN_INFLUENCE,TID_OBJECTIVE_REACH_INFLUENCE_DESCR,,,,0,100000,ReachInfluence,,12,,,5,,,,,750,,,800,,,500,5000,500,
,,,,,,,,,,,,,5,,,,1600,2400,,,2500,,,,10000,1000,
,,,,,,,,,,,,,5,,,,3000,4400,,,4500,,,,20000,2000,
,,,,,,,,,,,,,6,,,,7500,8900,,,9000,,,,30000,3500,
,,,,,,,,,,,,,7,,,,9500,10900,,,11000,,,,40000,5000,
,,,,,,,,,,,,,7,,,,11000,12900,,,13000,,,,50000,8000,
,,,,,,,,,,,,,7,,,,13000,14900,,,15000,,,,60000,10000,
,,,,,,,,,,,,,8,,,,15000,16900,,,17000,,,,70000,12500,
,,,,,,,,,,,,,8,,,,18000,19900,,,20000,,,,80000,15000,
,,,,,,,,,,,,,8,,,,21000,22900,,,23000,,,,100000,17500,
,,,,,,,,,,,,,9,,,,23000,24900,,,25000,,,,120000,20000,
,,,,,,,,,,,,,9,,,,25000,26900,,,27000,,,,150000,22500,
UseHydrogenInRS,TID_OBJ_USE_HYDRO_RS,TID_OBJ_USE_HYDRO_RS,,,,0,3000,UseHydrogenInRS,,12,,,3,5,15,,,,,,50,,,500,20000,,
,,,,,,,,,,,,,3,5,,,,,,,100,,,,25000,,
,,,,,,,,,,,,,4,6,,,,,,,150,,,,30000,,
,,,,,,,,,,,,,4,7,,,,,,,200,,,,35000,,
,,,,,,,,,,,,,5,8,,,,,,,300,,,,40000,,
,,,,,,,,,,,,,5,9,,,,,,,400,,,,45000,,
,,,,,,,,,,,,,5,,,,,,,,500,,,,50000,,
,,,,,,,,,,,,,5,,,,,,,,600,,,,60000,,
,,,,,,,,,,,,,5,,,,,,,,800,,,,70000,,
,,,,,,,,,,,,,5,,,,,,,,1000,,,,80000,,
,,,,,,,,,,,,,5,,,,,,,,1200,,,,90000,,
,,,,,,,,,,,,,5,,,,,,,,1500,,,,100000,,
,,,,,,,,,,,,,5,,,,,,,,2000,,,,110000,,
,,,,,,,,,,,,,5,,,,,,,,2500,,,,120000,,
,,,,,,,,,,,,,5,,,,,,,,3000,,,,130000,,
,,,,,,,,,,,,,5,,,,,,,,3500,,,,140000,,
,,,,,,,,,,,,,5,,,,,,,,4000,,,,150000,,
,,,,,,,,,,,,,5,,,,,,,,4500,,,,160000,,
,,,,,,,,,,,,,5,,,,,,,,5000,,,,170000,,
,,,,,,,,,,,,,5,,,,,,,,5500,,,,180000,,
UploadHydroRS,TID_USE_MINING_MODULE,TID_UPLOAD_HYDRO_RS,,,,100,3000,UploadHydrogenFromRS,,12,,26,5,5,15,,,,,,100,,,500,20000,,
,,,,,,,,,,,,,5,5,,,,,,,150,,,,25000,,
,,,,,,,,,,,,,5,6,,,,,,,200,,,,30000,,
,,,,,,,,,,,,,5,,,,,,,,250,,,,35000,,
,,,,,,,,,,,,,5,,,,,,,,300,,,,40000,,
,,,,,,,,,,,,,5,,,,,,,,350,,,,45000,,
,,,,,,,,,,,,,5,,,,,,,,400,,,,50000,,
,,,,,,,,,,,,,5,,,,,,,,450,,,,60000,,
,,,,,,,,,,,,,5,,,,,,,,500,,,,70000,,
,,,,,,,,,,,,,5,,,,,,,,600,,,,80000,,
,,,,,,,,,,,,,5,,,,,,,,700,,,,90000,,
,,,,,,,,,,,,,5,,,,,,,,800,,,,100000,,
,,,,,,,,,,,,,5,,,,,,,,900,,,,110000,,
,,,,,,,,,,,,,5,,,,,,,,1000,,,,120000,,
,,,,,,,,,,,,,5,,,,,,,,1200,,,,130000,,
,,,,,,,,,,,,,5,,,,,,,,1400,,,,140000,,
,,,,,,,,,,,,,5,,,,,,,,1600,,,,150000,,
,,,,,,,,,,,,,5,,,,,,,,1800,,,,160000,,
,,,,,,,,,,,,,5,,,,,,,,2000,,,,170000,,
,,,,,,,,,,,,,5,,,,,,,,2500,,,,180000,,
EMPPEnemyShips,TID_USE_SUPPORT_MODULE,TID_USE_EMP,,,,100,12000,EMPPEnemyShips,,12,,4,5,5,15,,,,,,2,,,500,20000,,
,,,,,,,,,,,,,5,5,,,,,,,3,,,,25000,,
,,,,,,,,,,,,,5,6,,,,,,,4,,,,30000,,
,,,,,,,,,,,,,5,6,,,,,,,5,,,,35000,,
,,,,,,,,,,,,,5,6,,,,,,,6,,,,40000,,
,,,,,,,,,,,,,5,7,,,,,,,7,,,,45000,,
,,,,,,,,,,,,,5,7,,,,,,,7,,,,50000,,
,,,,,,,,,,,,,5,,,,,,,,8,,,,60000,,
,,,,,,,,,,,,,5,,,,,,,,8,,,,70000,,
,,,,,,,,,,,,,5,,,,,,,,9,,,,80000,,
,,,,,,,,,,,,,5,,,,,,,,9,,,,90000,,
,,,,,,,,,,,,,5,,,,,,,,10,,,,100000,,
,,,,,,,,,,,,,5,,,,,,,,10,,,,110000,,
,,,,,,,,,,,,,5,,,,,,,,11,,,,120000,,
,,,,,,,,,,,,,5,,,,,,,,11,,,,130000,,
,,,,,,,,,,,,,5,,,,,,,,12,,,,140000,,
,,,,,,,,,,,,,5,,,,,,,,12,,,,150000,,
,,,,,,,,,,,,,5,,,,,,,,13,,,,160000,,
,,,,,,,,,,,,,5,,,,,,,,13,,,,170000,,
,,,,,,,,,,,,,5,,,,,,,,14,,,,180000,,
RepairOtherPlayerShips,TID_USE_SUPPORT_MODULE,TID_USE_REPAIR,,,,0,11000,RepairOtherPlayerShips,,12,,5,5,5,15,,,,,,1000,,,500,20000,,
,,,,,,,,,,,,,5,5,,,,,,,1500,,,,25000,,
,,,,,,,,,,,,,5,6,,,,,,,2000,,,,30000,,
,,,,,,,,,,,,,5,6,,,,,,,2500,,,,35000,,
,,,,,,,,,,,,,5,6,,,,,,,3000,,,,40000,,
,,,,,,,,,,,,,5,7,,,,,,,3500,,,,45000,,
,,,,,,,,,,,,,5,7,,,,,,,4000,,,,50000,,
,,,,,,,,,,,,,5,,,,,,,,4500,,,,60000,,
,,,,,,,,,,,,,5,,,,,,,,5000,,,,70000,,
,,,,,,,,,,,,,5,,,,,,,,5500,,,,80000,,
,,,,,,,,,,,,,5,,,,,,,,6000,,,,90000,,
,,,,,,,,,,,,,5,,,,,,,,6500,,,,100000,,
,,,,,,,,,,,,,5,,,,,,,,7000,,,,110000,,
,,,,,,,,,,,,,5,,,,,,,,7500,,,,120000,,
,,,,,,,,,,,,,5,,,,,,,,8000,,,,130000,,
,,,,,,,,,,,,,5,,,,,,,,8500,,,,140000,,
,,,,,,,,,,,,,5,,,,,,,,9000,,,,150000,,
,,,,,,,,,,,,,5,,,,,,,,9000,,,,160000,,
,,,,,,,,,,,,,5,,,,,,,,9000,,,,170000,,
,,,,,,,,,,,,,5,,,,,,,,9000,,,,180000,,
UseAlphaRocket,TID_USE_SUPPORT_MODULE,TID_USE_ALPHA_ROCKET,,,,100,11000,UseAlphaRocket,,12,,41,5,5,15,,,,,,2000,,,500,20000,,
,,,,,,,,,,,,,5,5,,,,,,,3000,,,,25000,,
,,,,,,,,,,,,,5,6,,,,,,,4000,,,,30000,,
,,,,,,,,,,,,,5,6,,,,,,,5000,,,,35000,,
,,,,,,,,,,,,,5,6,,,,,,,6000,,,,40000,,
,,,,,,,,,,,,,5,7,,,,,,,7000,,,,45000,,
,,,,,,,,,,,,,5,7,,,,,,,8000,,,,50000,,
,,,,,,,,,,,,,5,,,,,,,,9000,,,,60000,,
,,,,,,,,,,,,,5,,,,,,,,10000,,,,70000,,
,,,,,,,,,,,,,5,,,,,,,,11000,,,,80000,,
,,,,,,,,,,,,,5,,,,,,,,12000,,,,90000,,
,,,,,,,,,,,,,5,,,,,,,,13000,,,,100000,,
,,,,,,,,,,,,,5,,,,,,,,14000,,,,110000,,
,,,,,,,,,,,,,5,,,,,,,,15000,,,,120000,,
,,,,,,,,,,,,,5,,,,,,,,16000,,,,130000,,
,,,,,,,,,,,,,5,,,,,,,,17000,,,,140000,,
,,,,,,,,,,,,,5,,,,,,,,18000,,,,150000,,
,,,,,,,,,,,,,5,,,,,,,,19000,,,,160000,,
,,,,,,,,,,,,,5,,,,,,,,20000,,,,170000,,
,,,,,,,,,,,,,5,,,,,,,,20000,,,,180000,,
EntrustArtifacts,TID_USE_SUPPORT_MODULE,TID_USE_ENTRUST,,,,0,11000,EntrustInRS,,12,,45,5,5,15,,,,,,2,5,,500,20000,1000,
,,,,,,,,,,,,,5,6,,,,,,,4,5,,,30000,2000,
,,,,,,,,,,,,,6,,,,,,,,4,6,,,40000,3000,
,,,,,,,,,,,,,6,,,,,,,,6,6,,,50000,4000,
,,,,,,,,,,,,,7,,,,,,,,6,7,,,60000,5000,
,,,,,,,,,,,,,7,,,,,,,,7,7,,,70000,6000,
,,,,,,,,,,,,,7,,,,,,,,8,7,,,80000,8000,
,,,,,,,,,,,,,8,,,,,,,,6,8,,,90000,12000,
,,,,,,,,,,,,,8,,,,,,,,8,8,,,100000,16000,
,,,,,,,,,,,,,9,,,,,,,,4,9,,,110000,20000,
UseDestinyNoSanct,TID_USE_SUPPORT_MODULE,TID_USE_DESTINY_NO_SANCT,,,,100,12000,UseDestinyNoSanct,,12,,23,5,5,15,,,,,,1,5,,500,40000,,
,,,,,,,,,,,,,5,5,,,,,,,1,5,,,45000,,
,,,,,,,,,,,,,5,6,,,,,,,1,5,,,50000,,
,,,,,,,,,,,,,5,6,,,,,,,1,5,,,55000,,
,,,,,,,,,,,,,5,6,,,,,,,1,5,,,60000,,
,,,,,,,,,,,,,5,7,,,,,,,1,5,,,65000,,
,,,,,,,,,,,,,6,7,,,,,,,1,6,,,70000,,
,,,,,,,,,,,,,6,7,,,,,,,1,6,,,80000,,
,,,,,,,,,,,,,6,8,,,,,,,1,6,,,90000,,
,,,,,,,,,,,,,6,8,,,,,,,1,6,,,100000,,
,,,,,,,,,,,,,6,8,,,,,,,1,6,,,110000,,
,,,,,,,,,,,,,6,9,,,,,,,1,6,,,120000,,
,,,,,,,,,,,,,7,,,,,,,,1,7,,,130000,,
,,,,,,,,,,,,,7,,,,,,,,1,7,,,140000,,
,,,,,,,,,,,,,7,,,,,,,,1,7,,,150000,,
,,,,,,,,,,,,,7,,,,,,,,1,7,,,160000,,
,,,,,,,,,,,,,7,,,,,,,,1,7,,,170000,,
,,,,,,,,,,,,,8,,,,,,,,1,8,,,180000,,
,,,,,,,,,,,,,9,,,,,,,,1,9,,,190000,,
,,,,,,,,,,,,,10,,,,,,,,1,10,,,200000,,
DeliverShipmentsBatch,TID_DELIVER_SHIPMENT_BATCH,TID_DELIVER_SHIPMENT_BATCH_DESCR,,,,100,20000,DeliverShipmentsBatch,,12,,,5,5,15,,,,,,2,3,,500,20000,,
,,,,,,,,,,,,,5,5,,,,,,,3,3,,,25000,,
,,,,,,,,,,,,,5,6,,,,,,,4,3,,,30000,,
,,,,,,,,,,,,,5,6,,,,,,,5,3,,,35000,,
,,,,,,,,,,,,,5,6,,,,,,,3,4,,,40000,,
,,,,,,,,,,,,,5,7,,,,,,,4,4,,,45000,,
,,,,,,,,,,,,,5,7,,,,,,,5,4,,,50000,,
,,,,,,,,,,,,,5,,,,,,,,3,5,,,60000,,
,,,,,,,,,,,,,5,,,,,,,,4,5,,,70000,,
,,,,,,,,,,,,,5,,,,,,,,5,5,,,80000,,
,,,,,,,,,,,,,5,,,,,,,,3,6,,,90000,,
,,,,,,,,,,,,,5,,,,,,,,4,6,,,100000,,
,,,,,,,,,,,,,5,,,,,,,,3,7,,,110000,,
,,,,,,,,,,,,,5,,,,,,,,4,7,,,120000,,
,,,,,,,,,,,,,5,,,,,,,,3,8,,,130000,,
,,,,,,,,,,,,,5,,,,,,,,4,8,,,140000,,
,,,,,,,,,,,,,5,,,,,,,,3,9,,,150000,,
,,,,,,,,,,,,,6,,,,,,,,4,9,,,160000,,
,,,,,,,,,,,,,6,,,,,,,,3,10,,,170000,,
,,,,,,,,,,,,,6,,,,,,,,4,10,,,180000,,
UseShipmentComputer,TID_USE_TRADE_MODULE,TID_USE_SHIPMENT_COMPUTER,,,,100,20000,UseShipmentComputer,,12,,1,5,5,15,,,,,,4,,,500,20000,,
,,,,,,,,,,,,,5,5,,,,,,,6,,,,25000,,
,,,,,,,,,,,,,5,5,,,,,,,8,,,,30000,,
,,,,,,,,,,,,,5,6,,,,,,,10,,,,35000,,
,,,,,,,,,,,,,5,,,,,,,,15,,,,40000,,
,,,,,,,,,,,,,5,,,,,,,,20,,,,45000,,
,,,,,,,,,,,,,5,,,,,,,,25,,,,50000,,
,,,,,,,,,,,,,5,,,,,,,,30,,,,60000,,
,,,,,,,,,,,,,5,,,,,,,,35,,,,70000,,
,,,,,,,,,,,,,5,,,,,,,,40,,,,80000,,
,,,,,,,,,,,,,5,,,,,,,,45,,,,90000,,
,,,,,,,,,,,,,5,,,,,,,,50,,,,100000,,
,,,,,,,,,,,,,5,,,,,,,,60,,,,110000,,
,,,,,,,,,,,,,5,,,,,,,,70,,,,120000,,
,,,,,,,,,,,,,5,,,,,,,,80,,,,130000,,
,,,,,,,,,,,,,5,,,,,,,,80,,,,140000,,
,,,,,,,,,,,,,5,,,,,,,,80,,,,150000,,
,,,,,,,,,,,,,5,,,,,,,,80,,,,160000,,
,,,,,,,,,,,,,5,,,,,,,,80,,,,170000,,
,,,,,,,,,,,,,5,,,,,,,,80,,,,180000,,
UseTradeBoostOrBurst,TID_USE_TRADE_MODULE,TID_USE_TRADEBOOST,,,,75,20000,UseTradeBoost,,12,,2,5,5,15,,,,,,100,,,500,20000,,
,,,,,,,,,,,,,5,5,,,,,,,200,,,,25000,,
,,,,,,,,,,,,,5,6,,,,,,,400,,,,30000,,
,,,,,,,,,,,,,5,6,,,,,,,600,,,,35000,,
,,,,,,,,,,,,,5,6,,,,,,,1000,,,,40000,,
,,,,,,,,,,,,,5,7,,,,,,,1500,,,,45000,,
,,,,,,,,,,,,,5,7,,,,,,,2000,,,,50000,,
,,,,,,,,,,,,,5,,,,,,,,3000,,,,60000,,
,,,,,,,,,,,,,5,,,,,,,,4000,,,,70000,,
,,,,,,,,,,,,,5,,,,,,,,5000,,,,80000,,
,,,,,,,,,,,,,5,,,,,,,,6000,,,,90000,,
,,,,,,,,,,,,,5,,,,,,,,8000,,,,100000,,
,,,,,,,,,,,,,5,,,,,,,,9000,,,,110000,,
,,,,,,,,,,,,,5,,,,,,,,10000,,,,120000,,
,,,,,,,,,,,,,5,,,,,,,,11000,,,,130000,,
,,,,,,,,,,,,,5,,,,,,,,12000,,,,140000,,
,,,,,,,,,,,,,5,,,,,,,,14000,,,,150000,,
,,,,,,,,,,,,,5,,,,,,,,16000,,,,160000,,
,,,,,,,,,,,,,5,,,,,,,,18000,,,,170000,,
,,,,,,,,,,,,,5,,,,,,,,20000,,,,180000,,
PT_SalvageArtifacts,TID_OBJ_SALVAGE_ARTIFACTS,TID_OBJ_SALVAGE_ANY_ARTIFACT,,,102,10004,4,SalvageArtifacts,1,0,1,,,4,,9,,,,,1,,-1!-1,40,2000,,
UseShipmentDrone,TID_USE_TRADE_MODULE,TID_USE_SHIPMENT_DRONE,,,,100,20000,UseShipmentDrone,,12,,22,5,5,15,,,,,,500,,,500,20000,,
,,,,,,,,,,,,,5,5,,,,,,,1000,,,,25000,,
,,,,,,,,,,,,,5,6,,,,,,,2000,,,,30000,,
,,,,,,,,,,,,,5,7,,,,,,,3000,,,,35000,,
,,,,,,,,,,,,,5,8,,,,,,,4000,,,,40000,,
,,,,,,,,,,,,,5,,,,,,,,5000,,,,45000,,
,,,,,,,,,,,,,5,,,,,,,,6000,,,,50000,,
,,,,,,,,,,,,,5,,,,,,,,8000,,,,60000,,
,,,,,,,,,,,,,5,,,,,,,,10000,,,,70000,,
,,,,,,,,,,,,,5,,,,,,,,12500,,,,80000,,
,,,,,,,,,,,,,5,,,,,,,,15000,,,,90000,,
,,,,,,,,,,,,,5,,,,,,,,17500,,,,100000,,
,,,,,,,,,,,,,5,,,,,,,,20000,,,,110000,,
,,,,,,,,,,,,,5,,,,,,,,30000,,,,120000,,
,,,,,,,,,,,,,5,,,,,,,,50000,,,,130000,,
,,,,,,,,,,,,,5,,,,,,,,75000,,,,140000,,
,,,,,,,,,,,,,5,,,,,,,,100000,,,,150000,,
,,,,,,,,,,,,,5,,,,,,,,200000,,,,160000,,
,,,,,,,,,,,,,5,,,,,,,,350000,,,,170000,,
,,,,,,,,,,,,,5,,,,,,,,500000,,,,180000,,
UseCrunch,TID_USE_MINING_MODULE,TID_USE_CRUNCH,,,,100,3000,UseCrunch,,12,,39,5,5,15,,,,,,300,,,500,20000,,
,,,,,,,,,,,,,5,5,,,,,,,350,,,,25000,,
,,,,,,,,,,,,,5,6,,,,,,,400,,,,30000,,
,,,,,,,,,,,,,5,6,,,,,,,500,,,,35000,,
,,,,,,,,,,,,,5,6,,,,,,,600,,,,40000,,
,,,,,,,,,,,,,5,7,,,,,,,800,,,,45000,,
,,,,,,,,,,,,,5,7,,,,,,,1000,,,,50000,,
,,,,,,,,,,,,,5,,,,,,,,1200,,,,60000,,
,,,,,,,,,,,,,5,,,,,,,,1400,,,,70000,,
,,,,,,,,,,,,,5,,,,,,,,1600,,,,80000,,
,,,,,,,,,,,,,5,,,,,,,,1800,,,,90000,,
,,,,,,,,,,,,,5,,,,,,,,2000,,,,100000,,
,,,,,,,,,,,,,5,,,,,,,,2250,,,,110000,,
,,,,,,,,,,,,,5,,,,,,,,2500,,,,120000,,
,,,,,,,,,,,,,5,,,,,,,,3000,,,,130000,,
,,,,,,,,,,,,,5,,,,,,,,4000,,,,140000,,
,,,,,,,,,,,,,5,,,,,,,,5000,,,,150000,,
,,,,,,,,,,,,,5,,,,,,,,6000,,,,160000,,
,,,,,,,,,,,,,5,,,,,,,,7000,,,,170000,,
,,,,,,,,,,,,,5,,,,,,,,8000,,,,180000,,
UseSalvage,TID_USE_SUPPORT_MODULE,TID_USE_SALVAGE,,,,100,12000,UseSalvage,,12,,20,5,5,15,,,,,,1000,,,500,20000,,
,,,,,,,,,,,,,5,5,,,,,,,2000,,,,25000,,
,,,,,,,,,,,,,5,6,,,,,,,3000,,,,30000,,
,,,,,,,,,,,,,5,6,,,,,,,3500,,,,35000,,
,,,,,,,,,,,,,5,6,,,,,,,3500,,,,40000,,
,,,,,,,,,,,,,5,7,,,,,,,4000,,,,45000,,
,,,,,,,,,,,,,5,7,,,,,,,4000,,,,50000,,
,,,,,,,,,,,,,5,,,,,,,,4500,,,,60000,,
,,,,,,,,,,,,,5,,,,,,,,4500,,,,70000,,
,,,,,,,,,,,,,5,,,,,,,,5000,,,,80000,,
,,,,,,,,,,,,,5,,,,,,,,5000,,,,90000,,
,,,,,,,,,,,,,5,,,,,,,,6000,,,,100000,,
,,,,,,,,,,,,,5,,,,,,,,6000,,,,110000,,
,,,,,,,,,,,,,5,,,,,,,,7000,,,,120000,,
,,,,,,,,,,,,,5,,,,,,,,7000,,,,130000,,
,,,,,,,,,,,,,5,,,,,,,,8000,,,,140000,,
,,,,,,,,,,,,,5,,,,,,,,8000,,,,150000,,
,,,,,,,,,,,,,5,,,,,,,,9000,,,,160000,,
,,,,,,,,,,,,,5,,,,,,,,9000,,,,170000,,
,,,,,,,,,,,,,5,,,,,,,,9000,,,,180000,,
UseShipmentBeam,TID_USE_TRADE_MODULE,TID_USE_SHIPMENTBEAM,,,,100,20000,UseShipmentBeam,,12,,37,5,5,15,,,,,,10,,,500,20000,,
,,,,,,,,,,,,,5,5,,,,,,,12,,,,25000,,
,,,,,,,,,,,,,5,6,,,,,,,14,,,,30000,,
,,,,,,,,,,,,,5,6,,,,,,,16,,,,35000,,
,,,,,,,,,,,,,5,6,,,,,,,18,,,,40000,,
,,,,,,,,,,,,,5,7,,,,,,,20,,,,45000,,
,,,,,,,,,,,,,5,7,,,,,,,22,,,,50000,,
,,,,,,,,,,,,,5,,,,,,,,24,,,,60000,,
,,,,,,,,,,,,,5,,,,,,,,26,,,,70000,,
,,,,,,,,,,,,,5,,,,,,,,28,,,,80000,,
,,,,,,,,,,,,,5,,,,,,,,30,,,,90000,,
,,,,,,,,,,,,,5,,,,,,,,30,,,,100000,,
,,,,,,,,,,,,,5,,,,,,,,30,,,,110000,,
,,,,,,,,,,,,,5,,,,,,,,30,,,,120000,,
,,,,,,,,,,,,,5,,,,,,,,30,,,,130000,,
,,,,,,,,,,,,,5,,,,,,,,35,,,,140000,,
,,,,,,,,,,,,,5,,,,,,,,35,,,,150000,,
,,,,,,,,,,,,,5,,,,,,,,35,,,,160000,,
,,,,,,,,,,,,,5,,,,,,,,40,,,,170000,,
,,,,,,,,,,,,,5,,,,,,,,40,,,,180000,,
UseBlastShield,TID_USE_SHIELD_MODULE,TID_USE_BLASTSHIELD,,,,100,30000,UseBlastShield,,12,,52,7,,15,,,,,,2000,,,500,20000,,
,,,,,,,,,,,,,7,,,,,,,,4000,,,,25000,,
,,,,,,,,,,,,,7,,,,,,,,6000,,,,30000,,
,,,,,,,,,,,,,7,,,,,,,,8000,,,,35000,,
,,,,,,,,,,,,,7,,,,,,,,8000,,,,40000,,
,,,,,,,,,,,,,7,,,,,,,,8000,,,,45000,,
,,,,,,,,,,,,,7,,,,,,,,8000,,,,50000,,
,,,,,,,,,,,,,7,,,,,,,,8000,,,,60000,,
,,,,,,,,,,,,,7,,,,,,,,8000,,,,70000,,
,,,,,,,,,,,,,7,,,,,,,,10000,,,,80000,,
,,,,,,,,,,,,,7,,,,,,,,10000,,,,90000,,
,,,,,,,,,,,,,7,,,,,,,,10000,,,,100000,,
,,,,,,,,,,,,,7,,,,,,,,10000,,,,110000,,
,,,,,,,,,,,,,7,,,,,,,,12000,,,,120000,,
,,,,,,,,,,,,,7,,,,,,,,12000,,,,130000,,
,,,,,,,,,,,,,7,,,,,,,,12000,,,,140000,,
,,,,,,,,,,,,,7,,,,,,,,12000,,,,150000,,
,,,,,,,,,,,,,7,,,,,,,,12000,,,,160000,,
,,,,,,,,,,,,,7,,,,,,,,12000,,,,170000,,
,,,,,,,,,,,,,7,,,,,,,,12000,,,,180000,,
UseMiningDrone,TID_USE_MINING_MODULE,TID_USE_MININGDRONE,,,,100,3000,UseMiningDrone,,12,,55,5,5,15,,,,,,100,,,500,20000,,
,,,,,,,,,,,,,5,6,,,,,,,200,,,,25000,,
,,,,,,,,,,,,,5,7,,,,,,,300,,,,30000,,
,,,,,,,,,,,,,5,8,,,,,,,400,,,,35000,,
,,,,,,,,,,,,,5,,,,,,,,500,,,,40000,,
,,,,,,,,,,,,,5,,,,,,,,600,,,,45000,,
,,,,,,,,,,,,,5,,,,,,,,800,,,,50000,,
,,,,,,,,,,,,,5,,,,,,,,1000,,,,60000,,
,,,,,,,,,,,,,5,,,,,,,,1100,,,,70000,,
,,,,,,,,,,,,,5,,,,,,,,1200,,,,80000,,
,,,,,,,,,,,,,5,,,,,,,,1300,,,,90000,,
,,,,,,,,,,,,,5,,,,,,,,1400,,,,100000,,
,,,,,,,,,,,,,5,,,,,,,,1500,,,,110000,,
,,,,,,,,,,,,,5,,,,,,,,1600,,,,120000,,
,,,,,,,,,,,,,5,,,,,,,,1700,,,,130000,,
,,,,,,,,,,,,,5,,,,,,,,1800,,,,140000,,
,,,,,,,,,,,,,5,,,,,,,,1900,,,,150000,,
,,,,,,,,,,,,,5,,,,,,,,2000,,,,160000,,
,,,,,,,,,,,,,5,,,,,,,,2100,,,,170000,,
,,,,,,,,,,,,,5,,,,,,,,2200,,,,180000,,
UseGenesis,TID_USE_MINING_MODULE,TID_USE_GENESIS,,,,100,3000,UseGenesis,,12,,44,5,5,15,,,,,,2,,,500,20000,,
,,,,,,,,,,,,,5,6,,,,,,,3,,,,25000,,
,,,,,,,,,,,,,5,7,,,,,,,4,,,,30000,,
,,,,,,,,,,,,,5,8,,,,,,,5,,,,35000,,
,,,,,,,,,,,,,5,,,,,,,,6,,,,40000,,
,,,,,,,,,,,,,5,,,,,,,,7,,,,45000,,
,,,,,,,,,,,,,5,,,,,,,,8,,,,50000,,
,,,,,,,,,,,,,5,,,,,,,,9,,,,60000,,
,,,,,,,,,,,,,5,,,,,,,,10,,,,70000,,
,,,,,,,,,,,,,5,,,,,,,,11,,,,80000,,
,,,,,,,,,,,,,5,,,,,,,,12,,,,90000,,
,,,,,,,,,,,,,5,,,,,,,,13,,,,100000,,
,,,,,,,,,,,,,5,,,,,,,,14,,,,110000,,
,,,,,,,,,,,,,5,,,,,,,,14,,,,120000,,
,,,,,,,,,,,,,5,,,,,,,,14,,,,130000,,
,,,,,,,,,,,,,5,,,,,,,,14,,,,140000,,
,,,,,,,,,,,,,5,,,,,,,,14,,,,150000,,
,,,,,,,,,,,,,5,,,,,,,,14,,,,160000,,
,,,,,,,,,,,,,5,,,,,,,,14,,,,170000,,
,,,,,,,,,,,,,5,,,,,,,,14,,,,180000,,
UseOffload,TID_USE_TRADE_MODULE,TID_USE_OFFLOAD,,,,100,20000,UseOffload,,12,,46,5,5,15,,,,,,5,,,500,20000,,
,,,,,,,,,,,,,5,6,,,,,,,10,,,,25000,,
,,,,,,,,,,,,,5,7,,,,,,,15,,,,30000,,
,,,,,,,,,,,,,5,8,,,,,,,20,,,,35000,,
,,,,,,,,,,,,,5,,,,,,,,25,,,,40000,,
,,,,,,,,,,,,,5,,,,,,,,30,,,,45000,,
,,,,,,,,,,,,,5,,,,,,,,35,,,,50000,,
,,,,,,,,,,,,,5,,,,,,,,40,,,,60000,,
,,,,,,,,,,,,,5,,,,,,,,40,,,,70000,,
,,,,,,,,,,,,,5,,,,,,,,40,,,,80000,,
,,,,,,,,,,,,,5,,,,,,,,45,,,,90000,,
,,,,,,,,,,,,,5,,,,,,,,45,,,,100000,,
,,,,,,,,,,,,,5,,,,,,,,45,,,,110000,,
,,,,,,,,,,,,,5,,,,,,,,50,,,,120000,,
,,,,,,,,,,,,,5,,,,,,,,50,,,,130000,,
,,,,,,,,,,,,,5,,,,,,,,50,,,,140000,,
,,,,,,,,,,,,,5,,,,,,,,55,,,,150000,,
,,,,,,,,,,,,,5,,,,,,,,55,,,,160000,,
,,,,,,,,,,,,,5,,,,,,,,55,,,,170000,,
,,,,,,,,,,,,,5,,,,,,,,60,,,,180000,,
EarnFragments,TID_EARN_FRAGMENTS,TID_EARN_FRAGMENTS_DESCR,,,,,50000,WinBSFragments,,12,,,5,,15,,,,,,6,,,500,20000,,
,,,,,,,,,,,,,5,,,,,,,,10,,,,25000,,
,,,,,,,,,,,,,5,,,,,,,,10,,,,30000,,
,,,,,,,,,,,,,5,,,,,,,,10,,,,35000,,
,,,,,,,,,,,,,5,,,,,,,,10,,,,40000,,
,,,,,,,,,,,,,5,,,,,,,,10,,,,45000,,
,,,,,,,,,,,,,5,,,,,,,,12,,,,50000,,
,,,,,,,,,,,,,5,,,,,,,,12,,,,60000,,
,,,,,,,,,,,,,6,,,,,,,,12,,,,70000,,
,,,,,,,,,,,,,6,,,,,,,,12,,,,80000,,
,,,,,,,,,,,,,7,,,,,,,,12,,,,90000,,
,,,,,,,,,,,,,7,,,,,,,,12,,,,100000,,
,,,,,,,,,,,,,7,,,,,,,,12,,,,110000,,
,,,,,,,,,,,,,7,,,,,,,,12,,,,120000,,
,,,,,,,,,,,,,7,,,,,,,,14,,,,130000,,
,,,,,,,,,,,,,7,,,,,,,,14,,,,140000,,
,,,,,,,,,,,,,7,,,,,,,,14,,,,150000,,
,,,,,,,,,,,,,8,,,,,,,,14,,,,160000,,
,,,,,,,,,,,,,9,,,,,,,,14,,,,170000,,
,,,,,,,,,,,,,10,,,,,,,,14,,,,180000,,
WinBSWithEMP1,TID_WIN_BS_WITH_MODULE,TID_WIN_BS_WITH_MODULE_DESCR,,,,0,40000,WinBSWithModule,,12,,4,5,5,,,,,,,1,,,,10000,1000,
WinBSWithEMP2,TID_WIN_BS_WITH_MODULE,TID_WIN_BS_WITH_MODULE_DESCR,,,,0,40000,WinBSWithModule,,12,,4,5,5,,,,,,,1,,,,20000,2500,
WinBSWithEMP3,TID_WIN_BS_WITH_MODULE,TID_WIN_BS_WITH_MODULE_DESCR,,,,0,40000,WinBSWithModule,,12,,4,6,,,,,,,,1,,,,40000,5000,
WinBSWithRepair1,TID_WIN_BS_WITH_MODULE,TID_WIN_BS_WITH_MODULE_DESCR,,,,0,40000,WinBSWithModule,,12,,5,5,5,,,,,,,1,,,,10000,1000,
WinBSWithRepair2,TID_WIN_BS_WITH_MODULE,TID_WIN_BS_WITH_MODULE_DESCR,,,,0,40000,WinBSWithModule,,12,,5,5,5,,,,,,,1,,,,20000,2500,
WinBSWithRepair3,TID_WIN_BS_WITH_MODULE,TID_WIN_BS_WITH_MODULE_DESCR,,,,0,40000,WinBSWithModule,,12,,5,6,,,,,,,,1,,,,40000,5000,
WinBSWithTimeWarp,TID_WIN_BS_WITH_MODULE,TID_WIN_BS_WITH_MODULE_DESCR,,,,0,40000,WinBSWithModule,,12,,10,6,,,,,,,,1,,,,40000,5000,
WinBSWithStealth1,TID_WIN_BS_WITH_MODULE,TID_WIN_BS_WITH_MODULE_DESCR,,,,0,40000,WinBSWithModule,,12,,15,6,5,,,,,,,1,,,,20000,2500,
WinBSWithStealth2,TID_WIN_BS_WITH_MODULE,TID_WIN_BS_WITH_MODULE_DESCR,,,,0,40000,WinBSWithModule,,12,,15,6,,,,,,,,1,,,,40000,5000,
WinBSWithFortify1,TID_WIN_BS_WITH_MODULE,TID_WIN_BS_WITH_MODULE_DESCR,,,,0,40000,WinBSWithModule,,12,,19,6,5,,,,,,,1,,,,20000,2500,
WinBSWithFortify2,TID_WIN_BS_WITH_MODULE,TID_WIN_BS_WITH_MODULE_DESCR,,,,0,40000,WinBSWithModule,,12,,19,6,,,,,,,,1,,,,40000,5000,
WinBSWithSalvage1,TID_WIN_BS_WITH_MODULE,TID_WIN_BS_WITH_MODULE_DESCR,,,,0,40000,WinBSWithModule,,12,,20,6,5,,,,,,,1,,,,20000,2500,
WinBSWithSalvage2,TID_WIN_BS_WITH_MODULE,TID_WIN_BS_WITH_MODULE_DESCR,,,,0,40000,WinBSWithModule,,12,,20,6,,,,,,,,1,,,,40000,5000,
WinBSWithSupress1,TID_WIN_BS_WITH_MODULE,TID_WIN_BS_WITH_MODULE_DESCR,,,,0,40000,WinBSWithModule,,12,,21,6,5,,,,,,,1,,,,20000,2500,
WinBSWithSupress2,TID_WIN_BS_WITH_MODULE,TID_WIN_BS_WITH_MODULE_DESCR,,,,0,40000,WinBSWithModule,,12,,21,6,,,,,,,,1,,,,40000,5000,
WinBSWithImpulse1,TID_WIN_BS_WITH_MODULE,TID_WIN_BS_WITH_MODULE_DESCR,,,,0,40000,WinBSWithModule,,12,,32,6,5,,,,,,,1,,,,20000,2500,
WinBSWithImpulse2,TID_WIN_BS_WITH_MODULE,TID_WIN_BS_WITH_MODULE_DESCR,,,,0,40000,WinBSWithModule,,12,,32,6,,,,,,,,1,,,,40000,5000,
WinBSWithAlphaRocket1,TID_WIN_BS_WITH_MODULE,TID_WIN_BS_WITH_MODULE_DESCR,,,,0,40000,WinBSWithModule,,12,,41,6,5,,,,,,,1,,,,20000,2500,
WinBSWithAlphaRocket2,TID_WIN_BS_WITH_MODULE,TID_WIN_BS_WITH_MODULE_DESCR,,,,0,40000,WinBSWithModule,,12,,41,6,,,,,,,,1,,,,40000,5000,
WinBSWithDestiny,TID_WIN_BS_WITH_MODULE,TID_WIN_BS_WITH_MODULE_DESCR,,,,0,40000,WinBSWithModule,,12,,23,6,,,,,,,,1,,,,40000,5000,
WinBSWithVengeance,TID_WIN_BS_WITH_MODULE,TID_WIN_BS_WITH_MODULE_DESCR,,,,0,40000,WinBSWithModule,,12,,36,6,,,,,,,,1,,,,40000,5000,
WinBSWithDeltaRocket,TID_WIN_BS_WITH_MODULE,TID_WIN_BS_WITH_MODULE_DESCR,,,,0,40000,WinBSWithModule,,12,,51,6,,,,,,,,1,,,,40000,5000,
WinBSWithBarrier,TID_WIN_BS_WITH_MODULE,TID_WIN_BS_WITH_MODULE_DESCR,,,,0,40000,WinBSWithModule,,12,,31,6,,,,,,,,1,,,,40000,5000,
WinBSWithAlphaDrone,TID_WIN_BS_WITH_MODULE,TID_WIN_BS_WITH_MODULE_DESCR,,,,0,40000,WinBSWithModule,,12,,49,6,,,,,,,,1,,,,40000,5000,
WinBSWithBond,TID_WIN_BS_WITH_MODULE,TID_WIN_BS_WITH_MODULE_DESCR,,,,0,40000,WinBSWithModule,,12,,50,6,,,,,,,,1,,,,40000,5000,
WinBSWithOmegaRocket,TID_WIN_BS_WITH_MODULE,TID_WIN_BS_WITH_MODULE_DESCR,,,,0,40000,WinBSWithModule,,12,,53,6,,,,,,,,1,,,,40000,5000,
PT_UpgradePlanets2,TID_PT_UPGRADE_PLANETS,TID_PT_UPGRADE_PLANETS_DESCR,,,100,10006,20,UpgradeAllPlanets,1,0,2,,,4,,,,,,,6,3,,40,10000,100,
PT_UpgradeMiners,TID_OBJ_UPGRADE_MINER,TID_OBJ_UPGRADE_MINER_DESCR,,,104,10005,20,UpgradeShip,1,,2,,,4,,,,,,,2,,Miner,300,2500,,
PT_UpgradeBattleship,TID_OBJ_UPGRADE_BATTLESHIP,TID_OBJ_UPGRADE_BATTLESHIP_DESCR,,,104,10007,20,UpgradeShip,1,,5,,,4,,,,,,,2,,Battleship,300,2500,200,
PT_InstallAlphaShield,TID_OBJ_INSTALL_ALPHA_SHIELD,TID_OBJ_INSTALL_ALPHA_SHIELD_DESCR,,,5,10008,20,Tut_DoInstallModule,1,0,2,,,4,,,,,,,1,6,,200,2000,0,
EG_UpgradeToRS4,TID_OBJECTIVE_UPGRADE_TO_RS,TID_OBJECTIVE_UPGRADE_TO_RS_DESCR,TID_OBJECTIVE_UPGRADE_TO_RS_HINT,,,1000,1,UpgradeToRSLevel,,4,,,,4,,,1100,,,,4,,,300,0,0,30
EG_UpgradeAnyPlanet1,TID_OBJECTIVE_START_ANY_PLANET_UPGRADE,TID_OBJECTIVE_START_ANY_PLANET_UPGRADE_DESCR,TID_OBJECTIVE_UPGRADE_PLANET_HINT,,,100,24,StartAnyPlanetUpgrade,,1,,,,4,,5,,,,,,,,20,1500,25,
EG_UpgradeAnyPlanet2,TID_OBJECTIVE_START_ANY_PLANET_UPGRADE,TID_OBJECTIVE_START_ANY_PLANET_UPGRADE_DESCR,TID_OBJECTIVE_UPGRADE_PLANET_HINT,,,100,24,StartAnyPlanetUpgrade,,2,,,,4,6,10,,,,,,,,40,3000,50,
EG_UpgradeAnyPlanet3,TID_OBJECTIVE_START_ANY_PLANET_UPGRADE,TID_OBJECTIVE_START_ANY_PLANET_UPGRADE_DESCR,TID_OBJECTIVE_UPGRADE_PLANET_HINT,,,100,24,StartAnyPlanetUpgrade,,4,,,,4,11,20,,,,,,,,80,6000,100,
EG_UpgradeAnyPlanet4,TID_OBJECTIVE_START_ANY_PLANET_UPGRADE,TID_OBJECTIVE_START_ANY_PLANET_UPGRADE_DESCR,TID_OBJECTIVE_UPGRADE_PLANET_HINT,,,100,24,StartAnyPlanetUpgrade,,6,,,,4,21,,,,,,,,,150,10000,200,
EG_StartArtifact1,TID_OBJECTIVE_START_RESEARCH,TID_OBJECTIVE_START_RESEARCH_DESCR,TID_OBJ_RESEARCH_HINT,,,100,21,StartResearchingAnyArtifact,,1,,,,4,,5,,,,,,,,20,1000,25,
EG_StartArtifact2,TID_OBJECTIVE_START_RESEARCH,TID_OBJECTIVE_START_RESEARCH_DESCR,TID_OBJ_RESEARCH_HINT,,,100,21,StartResearchingAnyArtifact,,2,,,,4,6,10,,,,,,,,40,2000,50,
EG_StartArtifact3,TID_OBJECTIVE_START_RESEARCH,TID_OBJECTIVE_START_RESEARCH_DESCR,TID_OBJ_RESEARCH_HINT,,,100,21,StartResearchingAnyArtifact,,4,,,,4,11,20,,,,,,,,80,5000,75,
EG_StartArtifact4,TID_OBJECTIVE_START_RESEARCH,TID_OBJECTIVE_START_RESEARCH_DESCR,TID_OBJ_RESEARCH_HINT,,,100,21,StartResearchingAnyArtifact,,6,,,,4,21,,,,,,,,,150,8000,100,
EG_SetMinerProgram,TID_OBJECTIVE_PROGRAM_MINER,TID_OBJECTIVE_PROGRAM_MINER_DESCR,TID_OBJ_PROGRAM_MINER_HINT,,,200,22,SetMiningSchedule,1,1,,,,4,,,,,,,,,,200,4000,200,
EG_UpgradeTech1,TID_OBJECTIVE_UPGRADE_TECH,TID_OBJECTIVE_UPGRADE_TECH_DESCR,TID_OBJECTIVE_UPGRADE_TECH_HINT,,,,23,StartResearchingModule,,1,,,,4,,5,,,,,,,,20,2000,50,
EG_UpgradeTech2,TID_OBJECTIVE_UPGRADE_TECH,TID_OBJECTIVE_UPGRADE_TECH_DESCR,TID_OBJECTIVE_UPGRADE_TECH_HINT,,,,23,StartResearchingModule,,2,,,,4,6,10,,,,,,,,40,3000,75,
EG_UpgradeTech3,TID_OBJECTIVE_UPGRADE_TECH,TID_OBJECTIVE_UPGRADE_TECH_DESCR,TID_OBJECTIVE_UPGRADE_TECH_HINT,,,,23,StartResearchingModule,,4,,,,4,11,20,,,,,,,,80,5000,100,
EG_UpgradeTech4,TID_OBJECTIVE_UPGRADE_TECH,TID_OBJECTIVE_UPGRADE_TECH_DESCR,TID_OBJECTIVE_UPGRADE_TECH_HINT,,,,23,StartResearchingModule,,6,,,,4,21,,,,,,,,,150,10000,200,
EG_MineAtHome1,TID_OBJ_MINE,TID_OBJ_MINE_DESC,TID_OBJ_MINE_HINT,,,100,24,MineHydrogen,,1,,,,4,,11,,,,,200,5,,80,2000,200,
EG_MineAtHome2,TID_OBJ_MINE,TID_OBJ_MINE_DESC,TID_OBJ_MINE_HINT,,,100,24,MineHydrogen,,4,,,,4,12,20,,,,,500,7,,200,4000,400,
EG_MineInRS2,TID_OBJ_USE_HYDRO_RS,TID_OBJ_USE_HYDRO_RS_DESCR,,,,0,24,UseHydrogenInRS,,2,,,2,2,,,,,,,50,,,100,4000,200,
EG_MineInRS3,TID_OBJ_USE_HYDRO_RS,TID_OBJ_USE_HYDRO_RS_DESCR,,,,100,24,UseHydrogenInRS,,4,,,3,3,,,,,,,100,,,150,6000,200,
EG_MineInRS4,TID_OBJ_USE_HYDRO_RS,TID_OBJ_USE_HYDRO_RS_DESCR,,,,100,24,UseHydrogenInRS,,6,,,4,4,,,,,,,180,,,200,8000,200,
EG_SalvageAny1,TID_OBJ_SALVAGE_ARTIFACTS,TID_OBJ_SALVAGE_ANY_ARTIFACT,,,,100,25,SalvageArtifacts,,1,,,4,4,,5,,,,,1,,-1!-1,100,1500,200,
EG_SalvageAny2,TID_OBJ_SALVAGE_ARTIFACTS,TID_OBJ_SALVAGE_TOTAL,,,,100,25,SalvageArtifacts,,2,,,4,4,6,10,,,,,2,,-1!-1,150,3000,200,
EG_SalvageAny3,TID_OBJ_SALVAGE_ARTIFACTS,TID_OBJ_SALVAGE_TOTAL,,,,100,25,SalvageArtifacts,,4,,,4,4,11,20,,,,,3,,-1!-1,200,6000,200,
EG_SalvageAny4,TID_OBJ_SALVAGE_ARTIFACTS,TID_OBJ_SALVAGE_TOTAL,,,,100,25,SalvageArtifacts,,6,,,4,4,21,,,,,,4,,-1!-1,250,10000,200,
EG_ShipmentsBatch1,TID_DELIVER_SHIPMENT_BATCH,TID_DELIVER_SHIPMENT_BATCH_DESCR,,,,100,8,DeliverShipmentsBatch,,1,,,,4,,5,,,,,3,2,,100,1500,200,
EG_ShipmentsBatch2,TID_DELIVER_SHIPMENT_BATCH,TID_DELIVER_SHIPMENT_BATCH_DESCR,,,,100,8,DeliverShipmentsBatch,,2,,,,4,6,10,,,,,4,3,,150,3000,200,
EG_ShipmentsBatch3,TID_DELIVER_SHIPMENT_BATCH,TID_DELIVER_SHIPMENT_BATCH_DESCR,,,,100,8,DeliverShipmentsBatch,,4,,,,4,11,20,,,,,4,4,,200,6000,200,
EG_ShipmentsBatch4,TID_DELIVER_SHIPMENT_BATCH,TID_DELIVER_SHIPMENT_BATCH_DESCR,,,,100,8,DeliverShipmentsBatch,,6,,,,4,21,,,,,,4,5,,250,10000,200,
EG_ShipmentComputer2,TID_USE_TRADE_MODULE,TID_USE_SHIPMENT_COMPUTER,,,,100,8,UseShipmentComputer,,2,,,,4,6,10,,,,,12,,,150,3000,200,
EG_ShipmentComputer3,TID_USE_TRADE_MODULE,TID_USE_SHIPMENT_COMPUTER,,,,100,8,UseShipmentComputer,,4,,,,4,11,20,,,,,24,,,200,6000,200,
EG_ShipmentComputer4,TID_USE_TRADE_MODULE,TID_USE_SHIPMENT_COMPUTER,,,,100,8,UseShipmentComputer,,6,,,,4,21,,,,,,40,,,250,10000,200,
EG_UseTradeBoostOrBurst3,TID_USE_TRADE_MODULE,TID_USE_TRADEBOOST,TID_USE_TRADEBOOST_HINT,,,100,8,UseTradeBoost,,4,,2,,4,8,20,,,,,200,,,200,6000,200,
EG_UseTradeBoostOrBurst4,TID_USE_TRADE_MODULE,TID_USE_TRADEBOOST,TID_USE_TRADEBOOST_HINT,,,100,8,UseTradeBoost,,6,,2,,4,21,,,,,,500,,,250,10000,200,
EG_Expand3,TID_OBJ_REVEAL_SECTOR,TID_OBJ_REVEAL_SECTOR_DESCR,TID_OBJ_REVEAL_SECTOR_HINT,,,100,9,StartSectorReveal,,4,,,,4,,15,,,,,,,,200,6000,200,
EG_Expand4,TID_OBJ_REVEAL_SECTOR,TID_OBJ_REVEAL_SECTOR_DESCR,TID_OBJ_REVEAL_SECTOR_HINT,,,100,9,StartSectorReveal,,6,,,,4,16,,,,,,,,,250,10000,200,
EG_FillResearchStation1,TID_PT_FILL_RESEARCH,TID_PT_FILL_RESEARCH_DESCR,,,,100,12,FillResearchStation,,1,,,,4,,5,,,,,,,,100,1500,200,
EG_FillResearchStation2,TID_PT_FILL_RESEARCH,TID_PT_FILL_RESEARCH_DESCR,,,,100,12,FillResearchStation,,2,,,,4,6,10,,,,,,,,150,3000,200,
EG_FillResearchStation3,TID_PT_FILL_RESEARCH,TID_PT_FILL_RESEARCH_DESCR,,,,100,12,FillResearchStation,,4,,,,4,11,20,,,,,,,,200,6000,200,
EG_FillResearchStation4,TID_PT_FILL_RESEARCH,TID_PT_FILL_RESEARCH_DESCR,,,,100,12,FillResearchStation,,6,,,,4,21,,,,,,,,,250,10000,200,
EG_WinRS1,TID_OBJ_WIN_RS,TID_OBJ_WIN_RS_DESCR,,,,100,12,WinRedStar,,1,,,1,1,,,,,,,,,,100,1500,200,
EG_WinRS2,TID_OBJ_WIN_RS,TID_OBJ_WIN_RS_DESCR,,,,100,12,WinRedStar,,2,,,2,2,,,,,,,,,,150,3000,200,
EG_WinRS3,TID_OBJ_WIN_RS,TID_OBJ_WIN_RS_DESCR,,,,100,12,WinRedStar,,4,,,3,3,,,,,,,,,,200,6000,200,
EG_WinRS4,TID_OBJ_WIN_RS,TID_OBJ_WIN_RS_DESCR,,,,100,12,WinRedStar,,6,,,4,4,,,,,,,,,,250,10000,200,
EG_DestroyCerb1,TID_OBJ_DESTROY_CERBERUS,TID_OBJ_DESTROY_CERBERUS_DESCR,,,,100,12,DestroyCerberusShips,,1,,,1,1,,,,,,,4,,CerberusSentinel,100,1500,200,
EG_DestroyCerb2,TID_OBJ_DESTROY_CERBERUS,TID_OBJ_DESTROY_CERBERUS_DESCR,,,,100,12,DestroyCerberusShips,,2,,,2,3,,,,,,,3,,CerberusGuardian,150,3000,200,
EG_DestroyCerb3_RS4_1,TID_OBJ_DESTROY_CERBERUS,TID_OBJ_DESTROY_CERBERUS_DESCR,,,,100,12,DestroyCerberusShips,,4,,,4,4,,,,,,,1,,CerberusInterceptor,200,6000,200,
EG_DestroyCerb3_RS4_2,TID_OBJ_DESTROY_CERBERUS,TID_OBJ_DESTROY_CERBERUS_DESCR,,,,100,12,DestroyCerberusShips,,6,,,4,4,,,,,,,2,,CerberusInterceptor,250,10000,200,
EG_StartBLSWithModule1,TID_OBJ_START_BLS_WITH_MODULE,TID_OBJ_START_BLS_WITH_MODULE_DESCR,,,,100,40,StartBlueStarWithModule,,1,,,,4,,5,,,1,,,,,100,1500,200,
EG_StartBLSWithModule2,TID_OBJ_START_BLS_WITH_MODULE,TID_OBJ_START_BLS_WITH_MODULE_DESCR,,,,100,40,StartBlueStarWithModule,,2,,,,4,6,10,,,1,,,,,150,3000,200,
EG_StartBLSWithModule3,TID_OBJ_START_BLS_WITH_MODULE,TID_OBJ_START_BLS_WITH_MODULE_DESCR,,,,100,40,StartBlueStarWithModule,,4,,,,4,11,20,,,1,,,,,200,6000,200,
EG_StartBLSWithModule4,TID_OBJ_START_BLS_WITH_MODULE,TID_OBJ_START_BLS_WITH_MODULE_DESCR,,,,100,40,StartBlueStarWithModule,,6,,,,4,21,,,,1,,,,,250,10000,200,
EG_EarnFragments1,TID_EARN_FRAGMENTS,TID_EARN_FRAGMENTS_DESCR,,,,100,40,WinBSFragments,,1,,,,4,,5,,,,,4,,,100,1500,200,
EG_EarnFragments2,TID_EARN_FRAGMENTS,TID_EARN_FRAGMENTS_DESCR,,,,100,40,WinBSFragments,,2,,,,4,6,10,,,,,8,,,150,3000,200,
EG_EarnFragments3,TID_EARN_FRAGMENTS,TID_EARN_FRAGMENTS_DESCR,,,,100,40,WinBSFragments,,4,,,,4,11,20,,,,,14,,,200,6000,200,
EG_EarnFragments4,TID_EARN_FRAGMENTS,TID_EARN_FRAGMENTS_DESCR,,,,100,40,WinBSFragments,,6,,,,4,21,,,,,,20,,,250,10000,200,
LG_StartBLSWithModule,TID_OBJ_START_BLS_WITH_MODULE,TID_OBJ_START_BLS_WITH_MODULE_DESCR,,,,100,40,StartBlueStarWithModule,,12,,,5,,,,,,1,,,,,500,20000,,
,,,,,,,,,,,,,5,,,,,,,,,,,,25000,,
,,,,,,,,,,,,,5,,,,,,,,,,,,30000,,
,,,,,,,,,,,,,5,,,,,,,,,,,,35000,,
,,,,,,,,,,,,,5,,,,,,,,,,,,40000,,
,,,,,,,,,,,,,5,,,,,,,,,,,,45000,,
,,,,,,,,,,,,,5,,,,,,,,,,,,50000,,
,,,,,,,,,,,,,5,,,,,,,,,,,,60000,,
,,,,,,,,,,,,,5,,,,,,,,,,,,70000,,
,,,,,,,,,,,,,5,,,,,,,,,,,,80000,,
,,,,,,,,,,,,,5,,,,,,,,,,,,90000,,
,,,,,,,,,,,,,5,,,,,,,,,,,,100000,,
,,,,,,,,,,,,,5,,,,,,,,,,,,110000,,
,,,,,,,,,,,,,5,,,,,,,,,,,,120000,,
,,,,,,,,,,,,,5,,,,,,,,,,,,130000,,
,,,,,,,,,,,,,5,,,,,,,,,,,,140000,,
,,,,,,,,,,,,,5,,,,,,,,,,,,150000,,
,,,,,,,,,,,,,5,,,,,,,,,,,,160000,,
,,,,,,,,,,,,,5,,,,,,,,,,,,170000,,
,,,,,,,,,,,,,5,,,,,,,,,,,,180000,,
LG_WinRS,TID_OBJ_WIN_RS,TID_OBJ_WIN_RS_DESCR,TID_OBJ_WIN_RS_HINT,,,100,12,WinRedStar,,12,,,5,5,,,,,,,,,,500,20000,,
,,,,,,,,,,,,,5,5,,,,,,,,,,,25000,,
,,,,,,,,,,,,,5,5,,,,,,,,,,,30000,,
,,,,,,,,,,,,,5,5,,,,,,,,,,,35000,,
,,,,,,,,,,,,,5,5,,,,,,,,,,,40000,,
,,,,,,,,,,,,,6,6,,,,,,,,,,,45000,,
,,,,,,,,,,,,,6,6,,,,,,,,,,,50000,,
,,,,,,,,,,,,,6,7,,,,,,,,,,,60000,,
,,,,,,,,,,,,,6,7,,,,,,,,,,,70000,,
,,,,,,,,,,,,,6,8,,,,,,,,,,,100000,,
,,,,,,,,,,,,,7,8,,,,,,,,,,,110000,,
,,,,,,,,,,,,,7,8,,,,,,,,,,,120000,,
,,,,,,,,,,,,,7,9,,,,,,,,,,,130000,,
,,,,,,,,,,,,,8,9,,,,,,,,,,,140000,,
,,,,,,,,,,,,,8,9,,,,,,,,,,,150000,,
,,,,,,,,,,,,,8,9,,,,,,,,,,,160000,,
,,,,,,,,,,,,,9,10,,,,,,,,,,,180000,,
,,,,,,,,,,,,,10,11,,,,,,,,,,,200000,,
,,,,,,,,,,,,,11,12,,,,,,,,,,,220000,,
,,,,,,,,,,,,,12,,,,,,,,,,,,250000,,
LG_DestroyStorm,TID_OBJ_DESTROY_CERBERUS,TID_OBJ_DESTROY_CERBERUS_DESCR,,,,100,2000,DestroyCerberusShips,,12,,,9,9,,,,,,,1,,CerberusStorm,500,110000,,
,,,,,,,,,,,,,9,9,,,,,,,1,,,,120000,,
,,,,,,,,,,,,,9,9,,,,,,,2,,,,130000,,
,,,,,,,,,,,,,9,9,,,,,,,2,,,,140000,,
,,,,,,,,,,,,,9,,,,,,,,3,,,,150000,,
,,,,,,,,,,,,,9,,,,,,,,3,,,,160000,,
,,,,,,,,,,,,,9,,,,,,,,4,,,,170000,,
,,,,,,,,,,,,,9,,,,,,,,4,,,,180000,,
,,,,,,,,,,,,,9,,,,,,,,5,,,,190000,,
,,,,,,,,,,,,,9,,,,,,,,5,,,,200000,,
LG_DestroyGhosts,TID_OBJ_DESTROY_CERBERUS,TID_OBJ_DESTROY_CERBERUS_DESCR,,,,100,2000,DestroyCerberusShips,,12,,,10,10,,,,,,,15,,CerberusGhosts,500,150000,,
,,,,,,,,,,,,,10,10,,,,,,,30,,,,160000,,
,,,,,,,,,,,,,10,,,,,,,,45,,,,170000,,
,,,,,,,,,,,,,10,,,,,,,,60,,,,180000,,
,,,,,,,,,,,,,10,,,,,,,,80,,,,190000,,
,,,,,,,,,,,,,10,,,,,,,,100,,,,200000,,
LG_DestroyHydra,TID_OBJ_DESTROY_CERBERUS,TID_OBJ_DESTROY_CERBERUS_DESCR,,,,100,2000,DestroyCerberusShips,,12,,,11,11,,,,,,,1,,CerberusHydra,500,150000,,
,,,,,,,,,,,,,11,11,,,,,,,2,,,,160000,,
,,,,,,,,,,,,,11,,,,,,,,3,,,,170000,,
,,,,,,,,,,,,,11,,,,,,,,3,,,,180000,,
,,,,,,,,,,,,,11,,,,,,,,4,,,,190000,,
,,,,,,,,,,,,,11,,,,,,,,4,,,,200000,,
LG_DestroyCarrier,TID_OBJ_DESTROY_CERBERUS,TID_OBJ_DESTROY_CERBERUS_DESCR,,,,100,2000,DestroyCerberusShips,,12,,,12,,,,,,,,1,,CerberusCarrier,500,150000,,
,,,,,,,,,,,,,12,,,,,,,,1,,,,160000,,
,,,,,,,,,,,,,12,,,,,,,,2,,,,170000,,
,,,,,,,,,,,,,12,,,,,,,,2,,,,180000,,
,,,,,,,,,,,,,12,,,,,,,,2,,,,190000,,
,,,,,,,,,,,,,12,,,,,,,,3,,,,200000,,
LG_WinBLSWithModule,TID_OBJ_WIN_BLS_WITH_MODULE,TID_OBJ_WIN_BLS_WITH_MODULE_DESCR,,,,100,40,WinBlueStarWithModule,,12,,,5,5,,,,,,1,,,,500,20000,,
,,,,,,,,,,,,,5,5,,,,,,,,,,,25000,,
,,,,,,,,,,,,,5,6,,,,,,,,,,,30000,,
,,,,,,,,,,,,,5,6,,,,,,,,,,,35000,,
,,,,,,,,,,,,,5,6,,,,,,,,,,,40000,,
,,,,,,,,,,,,,5,7,,,,,,,,,,,45000,,
,,,,,,,,,,,,,5,7,,,,,,,,,,,50000,,
,,,,,,,,,,,,,5,8,,,,,,,,,,,60000,,
,,,,,,,,,,,,,5,9,,,,,,,,,,,70000,,
,,,,,,,,,,,,,5,10,,,,,,,,,,,80000,,
,,,,,,,,,,,,,5,10,,,,,,,,,,,90000,,
,,,,,,,,,,,,,5,,,,,,,,,,,,100000,,
,,,,,,,,,,,,,5,,,,,,,,,,,,110000,,
,,,,,,,,,,,,,5,,,,,,,,,,,,120000,,
,,,,,,,,,,,,,5,,,,,,,,,,,,130000,,
,,,,,,,,,,,,,5,,,,,,,,,,,,140000,,
,,,,,,,,,,,,,5,,,,,,,,,,,,150000,,
,,,,,,,,,,,,,5,,,,,,,,,,,,160000,,
,,,,,,,,,,,,,5,,,,,,,,,,,,170000,,
,,,,,,,,,,,,,5,,,,,,,,,,,,180000,,
LG_MineHydro,TID_OBJ_MINE,TID_OBJ_MINE_DESC,,,,100,6,MineHydrogen,,12,,,5,5,,,,,,,500,,,500,30000,,
,,,,,,,,,,,,,5,5,,,,,,,1000,,,,35000,,
,,,,,,,,,,,,,5,6,,,,,,,1500,,,,40000,,
,,,,,,,,,,,,,5,6,,,,,,,2000,,,,45000,,
,,,,,,,,,,,,,5,7,,,,,,,2500,,,,50000,,
,,,,,,,,,,,,,5,7,,,,,,,3000,,,,60000,,
,,,,,,,,,,,,,5,8,,,,,,,3500,,,,70000,,
,,,,,,,,,,,,,5,8,,,,,,,4000,,,,80000,,
,,,,,,,,,,,,,5,9,,,,,,,5000,,,,90000,,
,,,,,,,,,,,,,5,9,,,,,,,6000,,,,100000,,
,,,,,,,,,,,,,5,10,,,,,,,7000,,,,110000,,
,,,,,,,,,,,,,5,10,,,,,,,8000,,,,120000,,
,,,,,,,,,,,,,5,,,,,,,,9000,,,,130000,,
,,,,,,,,,,,,,5,,,,,,,,10000,,,,140000,,
,,,,,,,,,,,,,5,,,,,,,,11000,,,,150000,,
,,,,,,,,,,,,,5,,,,,,,,12000,,,,160000,,
,,,,,,,,,,,,,5,,,,,,,,13000,,,,170000,,
,,,,,,,,,,,,,5,,,,,,,,14000,,,,180000,,
,,,,,,,,,,,,,5,,,,,,,,15000,,,,190000,,
,,,,,,,,,,,,,5,,,,,,,,16000,,,,200000,,
